x_rel,y_rel,x_abs,res
1.0,48.400000000000006,99.0 Hz,low
2.0,48.0,134.8731884057971 Hz,low
3.0,48.5,170.7463768115942 Hz,low
4.0,48.5,206.6195652173913 Hz,low
5.0,48.5,242.4927536231884 Hz,low
6.0,48.0,278.3659420289855 Hz,low
7.0,48.5,314.2391304347826 Hz,low
8.0,48.5,350.11231884057975 Hz,low
9.0,49.5,385.9855072463768 Hz,low
10.0,49.0,421.85869565217394 Hz,low
11.0,48.5,457.731884057971 Hz,low
12.0,48.5,493.6050724637681 Hz,low
13.0,48.5,529.4782608695652 Hz,low
14.0,49.0,565.3514492753623 Hz,low
15.0,49.5,601.2246376811595 Hz,low
16.0,50.0,637.0978260869565 Hz,low
17.0,50.0,672.9710144927536 Hz,low
18.0,49.5,708.8442028985507 Hz,low
19.0,49.5,744.7173913043479 Hz,low
20.0,50.5,780.5905797101449 Hz,low
21.0,51.5,816.463768115942 Hz,low
22.0,52.0,852.3369565217391 Hz,low
23.0,52.0,888.2101449275362 Hz,low
24.0,51.0,924.0833333333334 Hz,low
25.0,51.0,959.9565217391305 Hz,low
26.0,52.0,995.8297101449275 Hz,low
27.0,53.0,1031.7028985507245 Hz,low
28.0,53.0,1067.5760869565217 Hz,low
29.0,51.5,1103.449275362319 Hz,low
30.0,51.0,1139.322463768116 Hz,low
31.0,51.5,1175.195652173913 Hz,low
32.0,52.0,1211.0688405797102 Hz,low
33.0,51.5,1246.9420289855072 Hz,low
34.0,51.0,1282.8152173913043 Hz,low
35.0,49.0,1318.6884057971015 Hz,low
36.0,49.5,1354.5615942028985 Hz,low
37.0,50.5,1390.4347826086957 Hz,low
38.0,50.5,1426.3079710144928 Hz,low
39.0,48.5,1462.1811594202898 Hz,low
40.0,48.0,1498.054347826087 Hz,low
41.0,48.0,1533.927536231884 Hz,low
42.0,48.5,1569.8007246376812 Hz,low
43.0,47.5,1605.6739130434783 Hz,low
44.0,48.0,1641.5471014492753 Hz,low
45.0,48.0,1677.4202898550725 Hz,low
46.0,48.5,1713.2934782608695 Hz,low
47.0,48.5,1749.1666666666667 Hz,low
48.0,48.5,1785.0398550724638 Hz,low
49.0,48.0,1820.913043478261 Hz,low
50.0,48.0,1856.786231884058 Hz,low
51.0,48.0,1892.659420289855 Hz,low
52.0,48.0,1928.5326086956522 Hz,low
53.0,48.0,1964.4057971014493 Hz,low
54.0,48.0,2000.2789855072465 Hz,low
55.0,48.5,2036.1521739130435 Hz,low
56.0,48.5,2072.0253623188405 Hz,low
57.0,48.0,2107.898550724638 Hz,low
58.0,48.0,2143.771739130435 Hz,low
59.0,48.0,2179.644927536232 Hz,low
60.0,47.5,2215.518115942029 Hz,low
61.0,47.5,2251.391304347826 Hz,low
62.0,47.5,2287.264492753623 Hz,low
63.0,48.0,2323.1376811594205 Hz,low
64.0,48.0,2359.0108695652175 Hz,low
65.0,47.5,2394.8840579710145 Hz,low
66.0,47.5,2430.7572463768115 Hz,low
67.0,47.5,2466.6304347826085 Hz,low
68.0,47.5,2502.503623188406 Hz,low
69.0,48.0,2538.376811594203 Hz,low
70.0,48.5,2574.25 Hz,low
71.0,48.0,2610.123188405797 Hz,low
72.0,48.0,2645.996376811594 Hz,low
73.0,48.5,2681.8695652173915 Hz,low
74.0,48.0,2717.7427536231885 Hz,low
75.0,48.0,2753.6159420289855 Hz,low
76.0,48.0,2789.4891304347825 Hz,low
77.0,48.5,2825.3623188405795 Hz,low
78.0,48.0,2861.235507246377 Hz,low
79.0,48.0,2897.108695652174 Hz,low
80.0,48.5,2932.981884057971 Hz,low
81.0,47.5,2968.855072463768 Hz,low
82.0,47.5,3004.728260869565 Hz,low
83.0,48.0,3040.6014492753625 Hz,low
84.0,48.0,3076.4746376811595 Hz,low
85.0,48.5,3112.3478260869565 Hz,low
86.0,51.5,3148.2210144927535 Hz,low
87.0,79.890625,3184.0942028985505 Hz,low
88.0,104.5,3219.967391304348 Hz,low
89.0,117.53164556962025,3255.840579710145 Hz,low
90.0,136.0,3291.713768115942 Hz,low
91.0,132.58333333333331,3327.586956521739 Hz,low
92.0,146.5,3363.460144927536 Hz,low
93.0,149.0,3399.3333333333335 Hz,low
94.0,149.0,3435.2065217391305 Hz,low
95.0,147.0,3471.0797101449275 Hz,low
96.0,133.05263157894737,3506.9528985507245 Hz,low
97.0,136.02222222222224,3542.826086956522 Hz,low
98.0,142.5,3578.699275362319 Hz,low
99.0,157.25,3614.572463768116 Hz,low
100.0,152.90322580645162,3650.445652173913 Hz,low
101.0,131.5,3686.31884057971 Hz,low
102.0,122.5,3722.1920289855075 Hz,low
103.0,120.29787234042553,3758.0652173913045 Hz,low
104.0,109.76923076923077,3793.9384057971015 Hz,low
105.0,106.5,3829.8115942028985 Hz,low
106.0,103.39285714285714,3865.6847826086955 Hz,low
107.0,99.5,3901.557971014493 Hz,low
108.0,95.9655172413793,3937.43115942029 Hz,low
109.0,75.5,3973.304347826087 Hz,low
110.0,72.5,4009.177536231884 Hz,low
111.0,63.75,4045.050724637681 Hz,low
112.0,60.5,4080.9239130434785 Hz,low
113.0,52.0,4116.797101449276 Hz,low
114.0,50.111111111111114,4152.670289855072 Hz,low
115.0,49.5,4188.54347826087 Hz,low
116.0,48.0,4224.416666666667 Hz,low
117.0,48.5,4260.289855072464 Hz,low
118.0,48.5,4296.163043478261 Hz,low
119.0,48.5,4332.036231884058 Hz,low
120.0,48.5,4367.909420289855 Hz,low
121.0,48.5,4403.782608695652 Hz,low
122.0,49.0,4439.655797101449 Hz,low
123.0,48.5,4475.528985507246 Hz,low
124.0,48.5,4511.402173913043 Hz,low
125.0,48.5,4547.275362318841 Hz,low
126.0,48.0,4583.148550724638 Hz,low
127.0,48.5,4619.021739130435 Hz,low
128.0,48.0,4654.894927536232 Hz,low
129.0,48.0,4690.768115942029 Hz,low
130.0,48.5,4726.641304347826 Hz,low
131.0,48.5,4762.514492753623 Hz,low
132.0,49.0,4798.38768115942 Hz,low
133.0,48.5,4834.260869565217 Hz,low
134.0,48.5,4870.134057971015 Hz,low
135.0,48.5,4906.007246376812 Hz,low
136.0,48.5,4941.880434782609 Hz,low
137.0,48.0,4977.753623188406 Hz,low
138.0,48.5,5013.626811594203 Hz,low
139.0,48.5,5049.5 Hz,low
140.0,48.0,5085.373188405797 Hz,low
141.0,48.0,5121.246376811594 Hz,low
142.0,48.0,5157.119565217391 Hz,low
143.0,48.5,5192.992753623188 Hz,low
144.0,47.5,5228.865942028986 Hz,low
145.0,48.5,5264.739130434783 Hz,low
146.0,47.5,5300.61231884058 Hz,low
147.0,47.5,5336.485507246377 Hz,low
148.0,48.0,5372.358695652174 Hz,low
149.0,48.0,5408.231884057971 Hz,low
150.0,48.5,5444.105072463768 Hz,low
151.0,48.0,5479.978260869565 Hz,low
152.0,48.5,5515.851449275362 Hz,low
153.0,47.5,5551.724637681159 Hz,low
154.0,48.5,5587.597826086957 Hz,low
155.0,48.0,5623.471014492754 Hz,low
156.0,48.0,5659.344202898551 Hz,low
157.0,48.0,5695.217391304348 Hz,low
158.0,48.5,5731.090579710145 Hz,low
159.0,48.0,5766.963768115942 Hz,low
160.0,48.0,5802.836956521739 Hz,low
161.0,48.0,5838.710144927536 Hz,low
162.0,48.0,5874.583333333333 Hz,low
163.0,48.0,5910.45652173913 Hz,low
164.0,47.5,5946.329710144928 Hz,low
165.0,48.0,5982.202898550725 Hz,low
166.0,48.0,6018.076086956522 Hz,low
167.0,48.5,6053.949275362319 Hz,low
168.0,48.0,6089.822463768116 Hz,low
169.0,49.0,6125.695652173913 Hz,low
170.0,49.599999999999994,6161.56884057971 Hz,low
171.0,49.5,6197.442028985507 Hz,low
172.0,49.0,6233.315217391304 Hz,low
173.0,48.5,6269.188405797101 Hz,low
174.0,48.0,6305.061594202899 Hz,low
175.0,48.0,6340.934782608696 Hz,low
176.0,48.5,6376.807971014493 Hz,low
177.0,48.5,6412.68115942029 Hz,low
178.0,48.5,6448.554347826087 Hz,low
179.0,50.0,6484.427536231884 Hz,low
180.0,50.5,6520.300724637681 Hz,low
181.0,51.5,6556.173913043478 Hz,low
182.0,51.5,6592.047101449275 Hz,low
183.0,52.0,6627.920289855072 Hz,low
184.0,52.0,6663.79347826087 Hz,low
185.0,52.5,6699.666666666667 Hz,low
186.0,52.0,6735.539855072464 Hz,low
187.0,51.5,6771.413043478261 Hz,low
188.0,52.0,6807.286231884058 Hz,low
189.0,53.0,6843.159420289855 Hz,low
190.0,53.0,6879.032608695652 Hz,low
191.0,53.0,6914.905797101449 Hz,low
192.0,52.5,6950.778985507246 Hz,low
193.0,51.5,6986.652173913044 Hz,low
194.0,51.0,7022.525362318841 Hz,low
195.0,51.0,7058.398550724638 Hz,low
196.0,50.5,7094.271739130435 Hz,low
197.0,50.0,7130.144927536232 Hz,low
198.0,50.0,7166.018115942029 Hz,low
199.0,49.0,7201.891304347826 Hz,low
200.0,48.5,7237.764492753623 Hz,low
201.0,48.0,7273.63768115942 Hz,low
202.0,48.0,7309.510869565217 Hz,low
203.0,48.5,7345.384057971015 Hz,low
204.0,48.5,7381.257246376812 Hz,low
205.0,48.5,7417.130434782609 Hz,low
206.0,48.5,7453.003623188406 Hz,low
207.0,48.5,7488.876811594203 Hz,low
208.0,48.5,7524.75 Hz,low
209.0,48.5,7560.623188405797 Hz,low
210.0,48.0,7596.496376811594 Hz,low
211.0,48.0,7632.369565217391 Hz,low
212.0,47.5,7668.242753623188 Hz,low
213.0,47.5,7704.115942028986 Hz,low
214.0,48.5,7739.989130434783 Hz,low
215.0,48.5,7775.86231884058 Hz,low
216.0,48.0,7811.735507246377 Hz,low
217.0,48.5,7847.608695652174 Hz,low
218.0,48.5,7883.481884057971 Hz,low
219.0,48.0,7919.355072463768 Hz,low
220.0,47.5,7955.228260869565 Hz,low
221.0,47.5,7991.101449275362 Hz,low
222.0,47.5,8026.974637681159 Hz,low
223.0,47.5,8062.847826086957 Hz,low
224.0,47.5,8098.721014492754 Hz,low
225.0,48.0,8134.594202898551 Hz,low
226.0,47.5,8170.467391304348 Hz,low
227.0,48.0,8206.340579710144 Hz,low
228.0,48.0,8242.213768115942 Hz,low
229.0,48.0,8278.08695652174 Hz,low
230.0,48.0,8313.960144927536 Hz,low
231.0,48.0,8349.833333333334 Hz,low
232.0,48.5,8385.70652173913 Hz,low
233.0,48.5,8421.579710144928 Hz,low
234.0,48.0,8457.452898550724 Hz,low
235.0,48.0,8493.326086956522 Hz,low
236.0,47.5,8529.199275362318 Hz,low
237.0,48.0,8565.072463768116 Hz,low
238.0,48.0,8600.945652173914 Hz,low
239.0,48.0,8636.81884057971 Hz,low
240.0,48.0,8672.692028985508 Hz,low
241.0,48.0,8708.565217391304 Hz,low
242.0,48.0,8744.438405797102 Hz,low
243.0,48.0,8780.311594202898 Hz,low
244.0,48.5,8816.184782608696 Hz,low
245.0,48.5,8852.057971014492 Hz,low
246.0,48.5,8887.93115942029 Hz,low
247.0,48.5,8923.804347826086 Hz,low
248.0,48.5,8959.677536231884 Hz,low
249.0,48.0,8995.550724637682 Hz,low
250.0,48.5,9031.423913043478 Hz,low
251.0,48.0,9067.297101449276 Hz,low
252.0,48.0,9103.170289855072 Hz,low
253.0,47.5,9139.04347826087 Hz,low
254.0,48.0,9174.916666666666 Hz,low
255.0,48.0,9210.789855072464 Hz,low
256.0,48.5,9246.66304347826 Hz,low
257.0,48.5,9282.536231884058 Hz,low
258.0,47.5,9318.409420289856 Hz,low
259.0,48.0,9354.282608695652 Hz,low
260.0,47.5,9390.15579710145 Hz,low
261.0,47.5,9426.028985507246 Hz,low
262.0,48.5,9461.902173913044 Hz,low
263.0,47.5,9497.77536231884 Hz,low
264.0,48.0,9533.648550724638 Hz,low
265.0,48.0,9569.521739130434 Hz,low
266.0,48.5,9605.394927536232 Hz,low
267.0,48.0,9641.26811594203 Hz,low
268.0,48.0,9677.141304347826 Hz,low
269.0,48.0,9713.014492753624 Hz,low
270.0,48.0,9748.88768115942 Hz,low
271.0,48.0,9784.760869565218 Hz,low
272.0,48.0,9820.634057971014 Hz,low
273.0,48.0,9856.507246376812 Hz,low
274.0,48.5,9892.380434782608 Hz,low
275.0,48.5,9928.253623188406 Hz,low
276.0,48.5,9964.126811594202 Hz,low
277.0,48.5,10000.0 Hz,low
6.117965478742407,47.75,282.59773987329197 Hz,med
6.621187870551597,48.0,300.64993154467885 Hz,med
7.1244102623607874,48.0,318.7021232160658 Hz,med
7.627632654169978,48.5,336.7543148874527 Hz,med
8.13085504597917,49.0,354.8065065588397 Hz,med
8.63407743778836,49.0,372.85869823022665 Hz,med
9.137299829597548,49.0,390.91088990161353 Hz,med
9.640522221406739,49.0,408.96308157300047 Hz,med
10.14374461321593,49.5,427.0152732443874 Hz,med
10.64696700502512,49.5,445.06746491577434 Hz,med
11.15018939683431,49.0,463.1196565871613 Hz,med
11.653411788643501,48.5,481.1718482585482 Hz,med
12.156634180452691,48.5,499.22403992993515 Hz,med
12.65985657226188,48.5,517.276231601322 Hz,med
13.16307896407107,48.5,535.328423272709 Hz,med
13.666301355880261,49.5,553.3806149440959 Hz,med
14.169523747689452,49.5,571.4328066154828 Hz,med
14.672746139498642,50.0,589.4849982868698 Hz,med
15.175968531307833,50.0,607.5371899582567 Hz,med
15.679190923117023,49.5,625.5893816296436 Hz,med
16.18241331492621,49.0,643.6415733010305 Hz,med
16.685635706735404,49.0,661.6937649724175 Hz,med
17.188858098544593,49.0,679.7459566438044 Hz,med
17.692080490353785,49.5,697.7981483151914 Hz,med
18.195302882162974,49.5,715.8503399865783 Hz,med
18.698525273972162,49.5,733.9025316579651 Hz,med
19.201747665781355,51.0,751.9547233293522 Hz,med
19.704970057590543,52.5,770.006915000739 Hz,med
20.208192449399736,53.0,788.0591066721261 Hz,med
20.711414841208924,52.5,806.1112983435129 Hz,med
21.214637233018113,52.0,824.1634900148998 Hz,med
21.717859624827305,52.0,842.2156816862868 Hz,med
22.221082016636494,51.5,860.2678733576737 Hz,med
22.724304408445686,51.0,878.3200650290606 Hz,med
23.227526800254875,50.5,896.3722567004476 Hz,med
23.730749192064067,51.0,914.4244483718345 Hz,med
24.233971583873256,52.0,932.4766400432214 Hz,med
24.737193975682445,52.5,950.5288317146083 Hz,med
25.240416367491637,53.0,968.5810233859953 Hz,med
25.743638759300826,54.0,986.6332150573821 Hz,med
26.246861151110018,54.0,1004.6854067287692 Hz,med
26.750083542919207,53.0,1022.737598400156 Hz,med
27.2533059347284,52.0,1040.789790071543 Hz,med
27.756528326537588,51.0,1058.8419817429299 Hz,med
28.259750718346776,50.5,1076.8941734143168 Hz,med
28.76297311015597,50.5,1094.9463650857037 Hz,med
29.266195501965157,50.5,1112.9985567570907 Hz,med
29.76941789377435,51.5,1131.0507484284776 Hz,med
30.272640285583538,52.0,1149.1029400998646 Hz,med
30.77586267739273,52.5,1167.1551317712515 Hz,med
31.27908506920192,53.0,1185.2073234426384 Hz,med
31.782307461011108,52.19999999999999,1203.2595151140254 Hz,med
32.2855298528203,52.0,1221.311706785412 Hz,med
32.78875224462949,51.0,1239.3638984567992 Hz,med
33.29197463643868,49.5,1257.4160901281862 Hz,med
33.79519702824787,49.0,1275.468281799573 Hz,med
34.29841942005706,49.0,1293.5204734709598 Hz,med
34.801641811866254,49.0,1311.572665142347 Hz,med
35.30486420367544,49.5,1329.624856813734 Hz,med
35.80808659548463,50.5,1347.6770484851208 Hz,med
36.31130898729382,51.0,1365.7292401565076 Hz,med
36.81453137910301,50.5,1383.7814318278945 Hz,med
37.317753770912205,49.5,1401.8336234992817 Hz,med
37.820976162721394,49.0,1419.8858151706686 Hz,med
38.32419855453058,48.5,1437.9380068420555 Hz,med
38.82742094633977,48.0,1455.9901985134422 Hz,med
39.33064333814896,48.0,1474.0423901848292 Hz,med
39.833865729958156,48.0,1492.0945818562163 Hz,med
40.337088121767344,48.5,1510.1467735276033 Hz,med
40.84031051357653,48.5,1528.19896519899 Hz,med
41.34353290538572,48.5,1546.251156870377 Hz,med
41.84675529719491,48.5,1564.3033485417639 Hz,med
42.349977689004106,48.5,1582.355540213151 Hz,med
42.853200080813295,48.5,1600.4077318845377 Hz,med
43.356422472622484,48.5,1618.4599235559247 Hz,med
43.85964486443167,48.5,1636.5121152273116 Hz,med
44.36286725624087,48.5,1654.5643068986988 Hz,med
44.86608964805006,48.0,1672.6164985700855 Hz,med
45.369312039859246,48.0,1690.6686902414724 Hz,med
45.872534431668434,47.5,1708.7208819128593 Hz,med
46.37575682347762,48.0,1726.7730735842463 Hz,med
46.87897921528682,48.0,1744.8252652556332 Hz,med
47.38220160709601,48.0,1762.8774569270201 Hz,med
47.885423998905196,48.0,1780.929648598407 Hz,med
48.388646390714385,48.0,1798.981840269794 Hz,med
48.891868782523574,48.0,1817.0340319411807 Hz,med
49.39509117433277,48.0,1835.086223612568 Hz,med
49.89831356614196,48.5,1853.1384152839548 Hz,med
50.40153595795115,48.5,1871.1906069553418 Hz,med
50.904758349760336,48.5,1889.2427986267285 Hz,med
51.40798074156953,48.0,1907.2949902981156 Hz,med
51.91120313337872,48.0,1925.3471819695026 Hz,med
52.41442552518791,48.0,1943.3993736408895 Hz,med
52.9176479169971,48.0,1961.4515653122762 Hz,med
53.420870308806286,48.0,1979.5037569836632 Hz,med
53.92409270061548,47.5,1997.5559486550503 Hz,med
54.42731509242467,47.5,2015.6081403264373 Hz,med
54.93053748423386,47.5,2033.660331997824 Hz,med
55.43375987604305,47.5,2051.712523669211 Hz,med
55.93698226785224,48.5,2069.764715340598 Hz,med
56.44020465966143,47.5,2087.8169070119848 Hz,med
56.94342705147062,47.5,2105.8690986833717 Hz,med
57.44664944327981,48.0,2123.9212903547586 Hz,med
57.949871835089,48.0,2141.9734820261456 Hz,med
58.453094226898195,47.5,2160.0256736975325 Hz,med
58.95631661870738,47.5,2178.0778653689194 Hz,med
59.45953901051657,48.5,2196.1300570403064 Hz,med
59.96276140232576,48.5,2214.1822487116933 Hz,med
60.46598379413495,48.5,2232.2344403830803 Hz,med
60.969206185944145,48.0,2250.286632054467 Hz,med
61.472428577753334,48.0,2268.338823725854 Hz,med
61.97565096956252,48.0,2286.391015397241 Hz,med
62.47887336137171,47.5,2304.443207068628 Hz,med
62.9820957531809,48.0,2322.495398740015 Hz,med
63.485318144990096,47.5,2340.547590411402 Hz,med
63.988540536799285,48.5,2358.599782082789 Hz,med
64.49176292860848,48.5,2376.6519737541757 Hz,med
64.99498532041767,48.5,2394.7041654255627 Hz,med
65.49820771222686,48.0,2412.7563570969496 Hz,med
66.00143010403605,48.0,2430.8085487683365 Hz,med
66.50465249584524,48.5,2448.8607404397235 Hz,med
67.00787488765442,48.0,2466.9129321111104 Hz,med
67.51109727946361,48.5,2484.9651237824974 Hz,med
68.0143196712728,47.5,2503.0173154538843 Hz,med
68.51754206308199,48.0,2521.069507125271 Hz,med
69.0207644548912,49.0,2539.121698796658 Hz,med
69.52398684670038,49.0,2557.173890468045 Hz,med
70.02720923850957,49.0,2575.226082139432 Hz,med
70.53043163031876,49.0,2593.278273810819 Hz,med
71.03365402212795,49.0,2611.330465482206 Hz,med
71.53687641393714,48.5,2629.382657153593 Hz,med
72.04009880574633,48.5,2647.43484882498 Hz,med
72.54332119755551,48.5,2665.4870404963663 Hz,med
73.0465435893647,48.5,2683.539232167753 Hz,med
73.54976598117389,48.0,2701.59142383914 Hz,med
74.0529883729831,47.5,2719.6436155105275 Hz,med
74.55621076479228,48.5,2737.6958071819145 Hz,med
75.05943315660147,48.5,2755.7479988533014 Hz,med
75.56265554841066,48.5,2773.8001905246883 Hz,med
76.06587794021985,48.0,2791.8523821960753 Hz,med
76.56910033202904,47.5,2809.9045738674617 Hz,med
77.07232272383823,47.5,2827.9567655388487 Hz,med
77.57554511564742,48.0,2846.0089572102356 Hz,med
78.0787675074566,48.0,2864.0611488816226 Hz,med
78.5819898992658,47.5,2882.11334055301 Hz,med
79.085212291075,48.0,2900.165532224397 Hz,med
79.58843468288418,48.0,2918.217723895784 Hz,med
80.09165707469337,48.5,2936.2699155671708 Hz,med
80.59487946650256,48.5,2954.3221072385577 Hz,med
81.09810185831175,48.5,2972.374298909944 Hz,med
81.60132425012094,48.5,2990.426490581331 Hz,med
82.10454664193013,48.0,3008.478682252718 Hz,med
82.60776903373932,48.0,3026.530873924105 Hz,med
83.11099142554852,48.0,3044.5830655954924 Hz,med
83.61421381735771,48.0,3062.6352572668793 Hz,med
84.1174362091669,48.0,3080.6874489382662 Hz,med
84.62065860097609,48.5,3098.739640609653 Hz,med
85.12388099278527,49.5,3116.7918322810397 Hz,med
85.62710338459446,52.22222222222223,3134.8440239524266 Hz,med
86.13032577640365,55.5,3152.8962156238135 Hz,med
86.63354816821284,62.61538461538461,3170.9484072952005 Hz,med
87.13677056002203,77.92307692307693,3189.0005989665874 Hz,med
87.63999295183122,98.525,3207.0527906379743 Hz,med
88.14321534364042,109.12048192771084,3225.1049823093617 Hz,med
88.64643773544961,122.3529411764706,3243.1571739807487 Hz,med
89.1496601272588,126.20967741935483,3261.209365652135 Hz,med
89.65288251906799,141.0,3279.261557323522 Hz,med
90.15610491087718,137.0,3297.313748994909 Hz,med
90.65932730268636,135.5,3315.365940666296 Hz,med
91.16254969449555,126.9,3333.418132337683 Hz,med
91.66577208630474,130.1290322580645,3351.47032400907 Hz,med
92.16899447811393,144.5689655172414,3369.5225156804568 Hz,med
92.67221686992313,149.0,3387.574707351844 Hz,med
93.17543926173232,155.5,3405.626899023231 Hz,med
93.67866165354151,155.5,3423.6790906946176 Hz,med
94.1818840453507,149.5,3441.7312823660045 Hz,med
94.68510643715989,145.51612903225805,3459.7834740373914 Hz,med
95.18832882896908,133.05128205128204,3477.8356657087784 Hz,med
95.69155122077827,120.71428571428571,3495.8878573801653 Hz,med
96.19477361258745,125.1304347826087,3513.9400490515523 Hz,med
96.69799600439664,130.5,3531.992240722939 Hz,med
97.20121839620583,141.06382978723406,3550.0444323943257 Hz,med
97.70444078801503,148.0,3568.096624065713 Hz,med
98.20766317982422,149.9512195121951,3586.1488157371 Hz,med
98.71088557163341,156.0,3604.201007408487 Hz,med
99.2141079634426,160.0,3622.253199079874 Hz,med
99.71733035525179,157.08695652173913,3640.305390751261 Hz,med
100.22055274706098,150.5,3658.3575824226477 Hz,med
100.72377513887017,142.0,3676.4097740940347 Hz,med
101.22699753067936,132.5,3694.461965765421 Hz,med
101.73021992248854,126.5,3712.514157436808 Hz,med
102.23344231429775,119.05405405405405,3730.5663491081955 Hz,med
102.73666470610694,117.5,3748.6185407795824 Hz,med
103.23988709791612,111.0,3766.6707324509694 Hz,med
103.74310948972531,106.0,3784.7229241223563 Hz,med
104.2463318815345,102.5,3802.775115793743 Hz,med
104.74955427334369,107.0,3820.82730746513 Hz,med
105.25277666515288,108.25,3838.879499136517 Hz,med
105.75599905696207,105.95652173913044,3856.9316908079036 Hz,med
106.25922144877126,102.0,3874.9838824792905 Hz,med
106.76244384058046,100.5,3893.036074150678 Hz,med
107.26566623238965,99.5,3911.088265822065 Hz,med
107.76888862419884,94.5,3929.140457493452 Hz,med
108.27211101600803,87.0,3947.1926491648387 Hz,med
108.77533340781721,87.0,3965.2448408362256 Hz,med
109.2785557996264,76.5,3983.2970325076126 Hz,med
109.78177819143559,74.44444444444446,4001.349224178999 Hz,med
110.28500058324478,70.0,4019.401415850386 Hz,med
110.78822297505397,60.5,4037.453607521773 Hz,med
111.29144536686316,58.0,4055.50579919316 Hz,med
111.79466775867236,57.5,4073.5579908645473 Hz,med
112.29789015048155,53.5,4091.610182535934 Hz,med
112.80111254229074,51.5,4109.662374207321 Hz,med
113.30433493409993,51.0,4127.7145658787085 Hz,med
113.80755732590912,49.5,4145.766757550095 Hz,med
114.3107797177183,48.5,4163.8189492214815 Hz,med
114.8140021095275,47.5,4181.871140892868 Hz,med
115.31722450133668,48.5,4199.923332564255 Hz,med
115.82044689314587,48.5,4217.975524235642 Hz,med
116.32366928495507,48.0,4236.027715907029 Hz,med
116.82689167676426,48.0,4254.079907578416 Hz,med
117.33011406857345,48.0,4272.132099249803 Hz,med
117.83333646038264,48.0,4290.18429092119 Hz,med
118.33655885219183,48.5,4308.236482592577 Hz,med
118.83978124400102,48.0,4326.288674263964 Hz,med
119.3430036358102,47.0,4344.340865935351 Hz,med
119.8462260276194,46.5,4362.393057606738 Hz,med
120.34944841942858,47.0,4380.445249278125 Hz,med
120.85267081123779,47.5,4398.497440949512 Hz,med
121.35589320304697,47.5,4416.549632620899 Hz,med
121.85911559485616,47.5,4434.6018242922855 Hz,med
122.36233798666535,47.5,4452.6540159636725 Hz,med
122.86556037847454,48.0,4470.706207635059 Hz,med
123.36878277028373,47.5,4488.758399306446 Hz,med
123.87200516209292,48.5,4506.810590977833 Hz,med
124.3752275539021,48.0,4524.86278264922 Hz,med
124.8784499457113,48.0,4542.914974320607 Hz,med
125.38167233752048,47.5,4560.967165991994 Hz,med
125.88489472932969,47.5,4579.019357663381 Hz,med
126.38811712113888,48.5,4597.071549334768 Hz,med
126.89133951294806,48.5,4615.123741006155 Hz,med
127.39456190475725,48.5,4633.175932677542 Hz,med
127.89778429656644,48.5,4651.228124348929 Hz,med
128.40100668837565,48.5,4669.280316020317 Hz,med
128.90422908018482,48.5,4687.332507691703 Hz,med
129.407451471994,48.5,4705.384699363089 Hz,med
129.9106738638032,48.0,4723.4368910344765 Hz,med
130.41389625561237,48.0,4741.4890827058625 Hz,med
130.91711864742157,48.0,4759.54127437725 Hz,med
131.42034103923075,48.5,4777.593466048636 Hz,med
131.92356343103995,48.5,4795.645657720024 Hz,med
132.42678582284913,48.0,4813.69784939141 Hz,med
132.93000821465833,48.0,4831.750041062797 Hz,med
133.43323060646753,48.0,4849.802232734185 Hz,med
133.9364529982767,48.0,4867.854424405571 Hz,med
134.4396753900859,48.0,4885.906616076959 Hz,med
134.94289778189508,48.0,4903.958807748345 Hz,med
135.4461201737043,48.0,4922.010999419733 Hz,med
135.94934256551346,48.5,4940.063191091119 Hz,med
136.45256495732266,48.0,4958.115382762506 Hz,med
136.95578734913184,48.0,4976.167574433893 Hz,med
137.45900974094104,47.5,4994.21976610528 Hz,med
137.96223213275024,47.5,5012.2719577766675 Hz,med
138.46545452455942,48.0,5030.3241494480535 Hz,med
138.96867691636862,48.0,5048.376341119441 Hz,med
139.4718993081778,47.5,5066.428532790827 Hz,med
139.975121699987,48.0,5084.480724462215 Hz,med
140.47834409179617,48.0,5102.532916133601 Hz,med
140.98156648360538,48.0,5120.585107804988 Hz,med
141.48478887541455,48.0,5138.637299476375 Hz,med
141.98801126722375,48.0,5156.689491147762 Hz,med
142.49123365903296,47.5,5174.74168281915 Hz,med
142.99445605084213,48.0,5192.793874490536 Hz,med
143.49767844265133,48.5,5210.846066161924 Hz,med
144.0009008344605,48.0,5228.89825783331 Hz,med
144.5041232262697,48.5,5246.950449504697 Hz,med
145.0073456180789,48.0,5265.002641176084 Hz,med
145.5105680098881,48.0,5283.054832847471 Hz,med
84.74983491544342,48.5,3103.373606876106 Hz,high
84.85319107062251,48.5,3107.081321703745 Hz,high
84.95654722580161,48.5,3110.7890365313833 Hz,high
85.0599033809807,48.5,3114.4967513590213 Hz,high
85.1632595361598,49.0,3118.20446618666 Hz,high
85.2666156913389,49.5,3121.9121810142988 Hz,high
85.36997184651798,50.0,3125.619895841937 Hz,high
85.47332800169708,50.0,3129.3276106695753 Hz,high
85.57668415687618,50.0,3133.035325497214 Hz,high
85.68004031205527,50.5,3136.7430403248522 Hz,high
85.78339646723437,51.0,3140.4507551524907 Hz,high
85.88675262241347,51.0,3144.1584699801297 Hz,high
85.99010877759255,52.0,3147.8661848077677 Hz,high
86.09346493277165,52.0,3151.573899635406 Hz,high
86.19682108795075,52.5,3155.281614463045 Hz,high
86.30017724312984,53.0,3158.989329290683 Hz,high
86.40353339830894,54.0,3162.6970441183216 Hz,high
86.50688955348804,55.5,3166.4047589459606 Hz,high
86.61024570866712,57.0,3170.1124737735986 Hz,high
86.71360186384622,58.0,3173.820188601237 Hz,high
86.81695801902532,59.0,3177.5279034288756 Hz,high
86.9203141742044,61.0,3181.235618256514 Hz,high
87.0236703293835,63.5,3184.9433330841525 Hz,high
87.1270264845626,65.0,3188.651047911791 Hz,high
87.23038263974169,68.0,3192.3587627394295 Hz,high
87.33373879492079,70.0,3196.066477567068 Hz,high
87.43709495009989,74.5,3199.7741923947065 Hz,high
87.54045110527898,78.5,3203.4819072223445 Hz,high
87.64380726045808,84.0,3207.1896220499834 Hz,high
87.74716341563717,87.5,3210.897336877622 Hz,high
87.85051957081626,95.0,3214.60505170526 Hz,high
87.95387572599536,99.71428571428571,3218.312766532899 Hz,high
88.05723188117446,107.0,3222.0204813605374 Hz,high
88.16058803635354,112.0,3225.7281961881754 Hz,high
88.26394419153264,121.0,3229.4359110158143 Hz,high
88.36730034671174,125.0,3233.143625843453 Hz,high
88.47065650189083,132.0,3236.851340671091 Hz,high
88.57401265706993,136.5,3240.55905549873 Hz,high
88.67736881224903,141.0,3244.2667703263683 Hz,high
88.78072496742811,142.0,3247.9744851540063 Hz,high
88.88408112260721,145.0,3251.682199981645 Hz,high
88.98743727778631,147.0,3255.3899148092837 Hz,high
89.0907934329654,149.5,3259.0976296369217 Hz,high
89.1941495881445,151.0,3262.80534446456 Hz,high
89.2975057433236,152.5,3266.513059292199 Hz,high
89.40086189850268,153.0,3270.220774119837 Hz,high
89.50421805368178,152.5,3273.9284889474757 Hz,high
89.60757420886088,152.0,3277.6362037751146 Hz,high
89.71093036403997,150.5,3281.3439186027526 Hz,high
89.81428651921907,149.0,3285.051633430391 Hz,high
89.91764267439817,146.0,3288.75934825803 Hz,high
90.02099882957725,143.5,3292.467063085668 Hz,high
90.12435498475635,139.5,3296.1747779133066 Hz,high
90.22771113993545,137.5,3299.8824927409455 Hz,high
90.33106729511454,132.5,3303.5902075685835 Hz,high
90.43442345029364,130.0,3307.297922396222 Hz,high
90.53777960547274,126.0,3311.0056372238605 Hz,high
90.64113576065182,124.5,3314.713352051499 Hz,high
90.74449191583092,122.5,3318.4210668791375 Hz,high
90.84784807101002,120.5,3322.128781706776 Hz,high
90.9512042261891,119.0,3325.8364965344144 Hz,high
91.0545603813682,118.5,3329.544211362053 Hz,high
91.1579165365473,118.0,3333.2519261896914 Hz,high
91.26127269172639,117.5,3336.95964101733 Hz,high
91.36462884690549,117.5,3340.6673558449684 Hz,high
91.46798500208459,118.0,3344.375070672607 Hz,high
91.57134115726367,118.5,3348.082785500245 Hz,high
91.67469731244277,119.5,3351.790500327884 Hz,high
91.77805346762187,121.5,3355.4982151555223 Hz,high
91.88140962280096,122.5,3359.2059299831603 Hz,high
91.98476577798006,124.5,3362.9136448107993 Hz,high
92.08812193315916,126.5,3366.6213596384378 Hz,high
92.19147808833824,130.0,3370.329074466076 Hz,high
92.29483424351734,131.5,3374.0367892937147 Hz,high
92.39819039869644,135.5,3377.744504121353 Hz,high
92.50154655387553,138.5,3381.4522189489912 Hz,high
92.60490270905463,144.0,3385.15993377663 Hz,high
92.70825886423373,147.0,3388.8676486042687 Hz,high
92.81161501941281,152.0,3392.5753634319067 Hz,high
92.91497117459191,155.0,3396.283078259545 Hz,high
93.01832732977101,160.5,3399.990793087184 Hz,high
93.1216834849501,164.5,3403.698507914822 Hz,high
93.2250396401292,168.5,3407.4062227424606 Hz,high
93.3283957953083,170.0,3411.1139375700996 Hz,high
93.43175195048738,173.0,3414.8216523977376 Hz,high
93.53510810566648,174.5,3418.529367225376 Hz,high
93.63846426084558,174.0,3422.237082053015 Hz,high
93.74182041602467,172.5,3425.944796880653 Hz,high
93.84517657120377,167.5,3429.6525117082915 Hz,high
93.94853272638287,165.0,3433.3602265359305 Hz,high
94.05188888156195,159.5,3437.0679413635685 Hz,high
94.15524503674105,155.5,3440.775656191207 Hz,high
94.25860119192015,150.0,3444.4833710188454 Hz,high
94.36195734709925,147.0,3448.1910858464844 Hz,high
94.46531350227833,141.5,3451.8988006741224 Hz,high
94.56866965745743,137.0,3455.606515501761 Hz,high
94.67202581263653,133.0,3459.3142303294 Hz,high
94.77538196781562,129.5,3463.021945157038 Hz,high
94.87873812299472,126.5,3466.7296599846763 Hz,high
94.98209427817382,125.5,3470.4373748123153 Hz,high
95.0854504333529,122.5,3474.1450896399533 Hz,high
95.188806588532,121.5,3477.852804467592 Hz,high
95.2921627437111,119.5,3481.5605192952307 Hz,high
95.39551889889019,119.0,3485.2682341228688 Hz,high
95.49887505406929,117.5,3488.9759489505072 Hz,high
95.60223120924839,117.0,3492.683663778146 Hz,high
95.70558736442747,116.5,3496.391378605784 Hz,high
95.80894351960657,116.5,3500.0990934334227 Hz,high
95.91229967478567,116.0,3503.806808261061 Hz,high
96.01565582996476,116.0,3507.5145230886997 Hz,high
96.11901198514386,116.5,3511.222237916338 Hz,high
96.22236814032296,117.0,3514.9299527439766 Hz,high
96.32572429550204,118.0,3518.637667571615 Hz,high
96.42908045068114,118.5,3522.3453823992536 Hz,high
96.53243660586024,120.0,3526.053097226892 Hz,high
96.63579276103933,121.0,3529.76081205453 Hz,high
96.73914891621843,122.5,3533.468526882169 Hz,high
96.84250507139753,124.5,3537.1762417098075 Hz,high
96.94586122657661,126.0,3540.8839565374456 Hz,high
97.04921738175571,127.0,3544.5916713650845 Hz,high
97.15257353693481,130.5,3548.299386192723 Hz,high
97.2559296921139,132.0,3552.007101020361 Hz,high
97.359285847293,135.5,3555.714815848 Hz,high
97.4626420024721,137.5,3559.4225306756384 Hz,high
97.56599815765118,141.0,3563.1302455032765 Hz,high
97.66935431283028,144.0,3566.8379603309154 Hz,high
97.77271046800938,147.5,3570.545675158554 Hz,high
97.87606662318846,150.0,3574.253389986192 Hz,high
97.97942277836756,153.5,3577.961104813831 Hz,high
98.08277893354666,155.0,3581.6688196414693 Hz,high
98.18613508872575,158.0,3585.3765344691074 Hz,high
98.28949124390485,160.5,3589.084249296746 Hz,high
98.39284739908395,162.0,3592.791964124385 Hz,high
98.49620355426303,163.5,3596.499678952023 Hz,high
98.59955970944213,165.5,3600.2073937796613 Hz,high
98.70291586462123,166.0,3603.9151086073 Hz,high
98.80627201980032,167.0,3607.6228234349383 Hz,high
98.90962817497942,167.0,3611.3305382625767 Hz,high
99.01298433015852,166.5,3615.0382530902157 Hz,high
99.1163404853376,165.5,3618.7459679178537 Hz,high
99.2196966405167,164.5,3622.453682745492 Hz,high
99.3230527956958,163.5,3626.161397573131 Hz,high
99.42640895087489,162.0,3629.869112400769 Hz,high
99.52976510605399,161.0,3633.5768272284076 Hz,high
99.63312126123309,159.5,3637.284542056046 Hz,high
99.73647741641217,158.0,3640.9922568836846 Hz,high
99.83983357159127,156.0,3644.699971711323 Hz,high
99.94318972677037,155.5,3648.4076865389616 Hz,high
100.04654588194946,154.5,3652.1154013666 Hz,high
100.14990203712856,153.0,3655.8231161942385 Hz,high
100.25325819230765,152.0,3659.530831021877 Hz,high
100.35661434748674,152.0,3663.2385458495155 Hz,high
100.45997050266584,151.0,3666.946260677154 Hz,high
100.56332665784494,150.0,3670.6539755047925 Hz,high
100.66668281302402,149.5,3674.3616903324305 Hz,high
100.77003896820312,148.5,3678.0694051600694 Hz,high
100.87339512338222,147.5,3681.777119987708 Hz,high
100.97675127856131,146.0,3685.484834815346 Hz,high
101.08010743374041,145.5,3689.192549642985 Hz,high
101.18346358891951,144.5,3692.9002644706234 Hz,high
101.2868197440986,143.0,3696.6079792982614 Hz,high
101.3901758992777,142.0,3700.3156941259003 Hz,high
101.4935320544568,140.5,3704.023408953539 Hz,high
101.59688820963588,138.5,3707.731123781177 Hz,high
101.70024436481498,137.0,3711.438838608816 Hz,high
101.80360051999408,135.0,3715.1465534364543 Hz,high
101.90695667517316,133.5,3718.8542682640923 Hz,high
102.01031283035226,131.0,3722.561983091731 Hz,high
102.11366898553136,128.5,3726.2696979193697 Hz,high
102.21702514071045,126.0,3729.9774127470077 Hz,high
102.32038129588955,123.0,3733.6851275746462 Hz,high
102.42373745106865,121.0,3737.392842402285 Hz,high
102.52709360624773,119.0,3741.100557229923 Hz,high
102.63044976142683,117.0,3744.8082720575617 Hz,high
102.73380591660593,114.5,3748.5159868852006 Hz,high
102.83716207178502,113.0,3752.2237017128386 Hz,high
102.94051822696412,110.5,3755.931416540477 Hz,high
103.04387438214322,109.0,3759.639131368116 Hz,high
103.1472305373223,107.5,3763.346846195754 Hz,high
103.2505866925014,106.5,3767.0545610233926 Hz,high
103.3539428476805,105.0,3770.762275851031 Hz,high
103.45729900285959,104.5,3774.4699906786695 Hz,high
103.56065515803868,103.0,3778.177705506308 Hz,high
103.66401131321778,102.0,3781.8854203339465 Hz,high
103.76736746839688,101.0,3785.5931351615855 Hz,high
103.87072362357597,101.0,3789.3008499892235 Hz,high
103.97407977875507,100.5,3793.008564816862 Hz,high
104.07743593393417,100.0,3796.716279644501 Hz,high
104.18079208911325,100.0,3800.423994472139 Hz,high
104.28414824429235,100.0,3804.1317092997774 Hz,high
104.38750439947145,100.0,3807.8394241274164 Hz,high
104.49086055465054,100.0,3811.5471389550544 Hz,high
104.59421670982964,101.0,3815.254853782693 Hz,high
104.69757286500874,101.0,3818.9625686103313 Hz,high
104.80092902018782,102.0,3822.67028343797 Hz,high
104.90428517536692,102.5,3826.3779982656083 Hz,high
105.00764133054602,103.5,3830.085713093247 Hz,high
105.11099748572511,104.5,3833.7934279208853 Hz,high
105.2143536409042,105.5,3837.5011427485238 Hz,high
105.3177097960833,106.5,3841.2088575761622 Hz,high
105.42106595126239,108.5,3844.9165724038007 Hz,high
105.52442210644149,109.5,3848.624287231439 Hz,high
105.62777826162059,110.5,3852.3320020590777 Hz,high
105.73113441679968,112.0,3856.0397168867157 Hz,high
105.83449057197878,112.5,3859.7474317143547 Hz,high
105.93784672715788,113.5,3863.455146541993 Hz,high
106.04120288233698,114.0,3867.162861369632 Hz,high
106.14455903751607,114.5,3870.8705761972706 Hz,high
106.24791519269516,114.0,3874.5782910249086 Hz,high
106.35127134787426,114.0,3878.286005852547 Hz,high
106.45462750305336,112.5,3881.993720680186 Hz,high
106.55798365823244,111.5,3885.701435507824 Hz,high
106.66133981341154,109.5,3889.4091503354625 Hz,high
106.76469596859064,108.5,3893.1168651631015 Hz,high
106.86805212376973,104.0,3896.8245799907395 Hz,high
106.97140827894883,102.0,3900.532294818378 Hz,high
107.07476443412793,99.5,3904.240009646017 Hz,high
107.17812058930701,98.0,3907.947724473655 Hz,high
107.28147674448611,94.5,3911.6554393012934 Hz,high
107.38483289966521,93.5,3915.3631541289324 Hz,high
107.4881890548443,91.5,3919.0708689565704 Hz,high
107.5915452100234,90.5,3922.778583784209 Hz,high
107.6949013652025,88.5,3926.4862986118474 Hz,high
107.79825752038158,88.0,3930.194013439486 Hz,high
107.90161367556068,86.0,3933.9017282671243 Hz,high
108.00496983073978,86.0,3937.609443094763 Hz,high
108.10832598591887,85.0,3941.3171579224013 Hz,high
108.21168214109797,85.0,3945.02487275004 Hz,high
108.31503829627707,84.5,3948.7325875776783 Hz,high
108.41839445145617,84.5,3952.440302405317 Hz,high
108.52175060663525,84.5,3956.148017232955 Hz,high
108.62510676181435,85.0,3959.8557320605937 Hz,high
108.72846291699345,85.5,3963.5634468882326 Hz,high
108.83181907217254,86.0,3967.2711617158707 Hz,high
108.93517522735164,87.0,3970.978876543509 Hz,high
109.03853138253073,87.5,3974.6865913711476 Hz,high
109.14188753770982,88.5,3978.394306198786 Hz,high
109.24524369288892,89.0,3982.1020210264246 Hz,high
109.34859984806802,90.0,3985.809735854063 Hz,high
109.4519560032471,90.0,3989.5174506817016 Hz,high
109.5553121584262,89.5,3993.22516550934 Hz,high
109.6586683136053,88.5,3996.9328803369785 Hz,high
109.76202446878439,87.5,4000.640595164617 Hz,high
109.86538062396349,84.0,4004.3483099922555 Hz,high
109.96873677914259,81.5,4008.056024819894 Hz,high
110.07209293432167,79.5,4011.763739647532 Hz,high
110.17544908950077,76.5,4015.471454475171 Hz,high
110.27880524467987,73.5,4019.1791693028094 Hz,high
110.38216139985896,70.5,4022.8868841304475 Hz,high
110.48551755503806,68.5,4026.5945989580864 Hz,high
110.58887371021716,66.0,4030.302313785725 Hz,high
110.69222986539624,64.0,4034.010028613363 Hz,high
110.79558602057534,62.5,4037.717743441002 Hz,high
110.89894217575444,61.5,4041.4254582686403 Hz,high
111.00229833093353,60.0,4045.1331730962784 Hz,high
111.10565448611263,59.0,4048.8408879239173 Hz,high
111.20901064129173,58.0,4052.548602751556 Hz,high
111.31236679647081,57.5,4056.256317579194 Hz,high
111.41572295164991,57.0,4059.9640324068323 Hz,high
111.51907910682901,56.0,4063.6717472344712 Hz,high
111.6224352620081,56.0,4067.3794620621093 Hz,high
111.7257914171872,55.5,4071.0871768897478 Hz,high
111.8291475723663,54.5,4074.7948917173867 Hz,high
111.93250372754538,54.5,4078.5026065450247 Hz,high
112.03585988272448,54.5,4082.210321372663 Hz,high
112.13921603790358,54.5,4085.918036200302 Hz,high
112.24257219308267,54.5,4089.62575102794 Hz,high
112.34592834826176,54.5,4093.3334658555787 Hz,high
112.44928450344086,54.5,4097.041180683218 Hz,high
112.55264065861995,54.0,4100.748895510856 Hz,high
112.65599681379905,54.0,4104.456610338494 Hz,high
112.75935296897815,53.5,4108.1643251661335 Hz,high
112.86270912415723,53.5,4111.872039993771 Hz,high
112.96606527933633,53.5,4115.57975482141 Hz,high
113.06942143451543,53.5,4119.287469649048 Hz,high
113.17277758969452,53.0,4122.9951844766865 Hz,high
113.27613374487362,53.0,4126.702899304325 Hz,high
