Record Length,2500,Points,-1.0500001E-3,7.800000191,
Sample Interval,1.000000E-6,s,-1.0490001E-3,7.800000191,
Trigger Point,1.0500001E3,Samples,-1.0480001E-3,7.599999905,
,,,-1.0470001E-3,7.800000191,
,,,-1.0460000E-3,7.800000191,
,,,-1.0450000E-3,7.800000191,
Source,CH1,,-1.0440000E-3,7.800000191,
Vertical Units,Volts,,-1.0430000E-3,7.800000191,
Vertical Scale,5.00000007,,-1.0420001E-3,7.800000191,
Vertical Offset,0,,-1.0410001E-3,7.800000191,
Horizontal Units,s,,-1.0400001E-3,7.800000191,
Horizontal Scale,249.99999937E-6,,-1.0390001E-3,7.800000191,
Pt Fmt,Y,,-1.0380001E-3,8.000000000,
Yzero,0.0,,-1.0370001E-3,8.000000000,
Probe Atten,1.000000,,-1.0360001E-3,7.800000191,
,,,-1.0350001E-3,8.000000000,
Note,VC,,-1.0340001E-3,8.000000000,
,,,-1.0330001E-3,8.000000000,
,,,-1.0320001E-3,8.000000000,
,,,-1.0310001E-3,8.199999809,
,,,-1.0300000E-3,8.000000000,
,,,-1.0290000E-3,8.199999809,
,,,-1.0280000E-3,8.199999809,
,,,-1.0270001E-3,8.199999809,
,,,-1.0260001E-3,8.000000000,
,,,-1.0250001E-3,8.000000000,
,,,-1.0240001E-3,8.199999809,
,,,-1.0230001E-3,8.199999809,
,,,-1.0220001E-3,8.199999809,
,,,-1.0210001E-3,8.199999809,
,,,-1.0200001E-3,8.199999809,
,,,-1.0190001E-3,8.400000572,
,,,-1.0180001E-3,8.199999809,
,,,-1.0170001E-3,8.400000572,
,,,-1.0160001E-3,8.400000572,
,,,-1.0150000E-3,8.400000572,
,,,-1.0140000E-3,8.400000572,
,,,-1.0130000E-3,8.400000572,
,,,-1.0120000E-3,8.400000572,
,,,-1.0110001E-3,8.400000572,
,,,-1.0100001E-3,8.400000572,
,,,-1.0090001E-3,8.400000572,
,,,-1.0080001E-3,8.400000572,
,,,-1.0070001E-3,8.400000572,
,,,-1.0060001E-3,8.400000572,
,,,-1.0050001E-3,8.600000381,
,,,-1.0040001E-3,8.600000381,
,,,-1.0030001E-3,8.600000381,
,,,-1.0020001E-3,8.600000381,
,,,-1.0010001E-3,8.600000381,
,,,-1.0000000E-3,8.600000381,
,,,-999.000039883E-6,8.600000381,
,,,-998.000032268E-6,8.600000381,
,,,-997.000024654E-6,8.600000381,
,,,-996.000133455E-6,8.600000381,
,,,-995.000125840E-6,8.600000381,
,,,-994.000118226E-6,8.600000381,
,,,-993.000110611E-6,8.600000381,
,,,-992.000102997E-6,8.600000381,
,,,-991.000095382E-6,8.800000191,
,,,-990.000087768E-6,8.600000381,
,,,-989.000080153E-6,8.800000191,
,,,-988.000072539E-6,8.800000191,
,,,-987.000064924E-6,8.800000191,
,,,-986.000057310E-6,8.800000191,
,,,-985.000049695E-6,8.800000191,
,,,-984.000042081E-6,8.800000191,
,,,-983.000034466E-6,9.000000000,
,,,-982.000026852E-6,8.800000191,
,,,-981.000135653E-6,9.000000000,
,,,-980.000128038E-6,9.000000000,
,,,-979.000120424E-6,9.000000000,
,,,-978.000112809E-6,9.000000000,
,,,-977.000105195E-6,9.000000000,
,,,-976.000097580E-6,9.000000000,
,,,-975.000089966E-6,9.000000000,
,,,-974.000082351E-6,9.000000000,
,,,-973.000074737E-6,9.000000000,
,,,-972.000067122E-6,9.000000000,
,,,-971.000059508E-6,9.000000000,
,,,-970.000051893E-6,9.000000000,
,,,-969.000102486E-6,9.199999809,
,,,-968.000094872E-6,9.199999809,
,,,-967.000087257E-6,9.199999809,
,,,-966.000079643E-6,9.199999809,
,,,-965.000072028E-6,9.199999809,
,,,-964.000064414E-6,9.199999809,
,,,-963.000056800E-6,9.199999809,
,,,-962.000107393E-6,9.199999809,
,,,-961.000099778E-6,9.199999809,
,,,-960.000092164E-6,9.199999809,
,,,-959.000084549E-6,9.199999809,
,,,-958.000076935E-6,9.199999809,
,,,-957.000069320E-6,9.199999809,
,,,-956.000061706E-6,9.199999809,
,,,-955.000054091E-6,9.199999809,
,,,-954.000104684E-6,9.400000572,
,,,-953.000097070E-6,9.199999809,
,,,-952.000089455E-6,9.199999809,
,,,-951.000081841E-6,9.400000572,
,,,-950.000074226E-6,9.400000572,
,,,-949.000066612E-6,9.400000572,
,,,-948.000058997E-6,9.400000572,
,,,-947.000051383E-6,9.400000572,
,,,-946.000101976E-6,9.400000572,
,,,-945.000094362E-6,9.400000572,
,,,-944.000086747E-6,9.400000572,
,,,-943.000079133E-6,9.400000572,
,,,-942.000071518E-6,9.400000572,
,,,-941.000063904E-6,9.400000572,
,,,-940.000056289E-6,9.600000381,
,,,-939.000106882E-6,9.400000572,
,,,-938.000099268E-6,9.600000381,
,,,-937.000091653E-6,9.600000381,
,,,-936.000084039E-6,9.600000381,
,,,-935.000076424E-6,9.600000381,
,,,-934.000068810E-6,9.600000381,
,,,-933.000061195E-6,9.600000381,
,,,-932.000053581E-6,9.600000381,
,,,-931.000104174E-6,9.600000381,
,,,-930.000096560E-6,9.600000381,
,,,-929.000088945E-6,9.600000381,
,,,-928.000081331E-6,9.600000381,
,,,-927.000073716E-6,9.800000191,
,,,-926.000066102E-6,9.800000191,
,,,-925.000058487E-6,9.600000381,
,,,-924.000050873E-6,9.800000191,
,,,-923.000101466E-6,9.800000191,
,,,-922.000093851E-6,9.800000191,
,,,-921.000086237E-6,9.800000191,
,,,-920.000078622E-6,9.800000191,
,,,-919.000071008E-6,9.800000191,
,,,-918.000063393E-6,9.800000191,
,,,-917.000055779E-6,9.800000191,
,,,-916.000106372E-6,9.800000191,
,,,-915.000098757E-6,9.800000191,
,,,-914.000091143E-6,9.800000191,
,,,-913.000083528E-6,9.800000191,
,,,-912.000075914E-6,9.800000191,
,,,-911.000068299E-6,10.0000000,
,,,-910.000060685E-6,10.0000000,
,,,-909.000053070E-6,9.800000191,
,,,-908.000103664E-6,10.0000000,
,,,-907.000096049E-6,10.0000000,
,,,-906.000088435E-6,10.0000000,
,,,-905.000080820E-6,10.0000000,
,,,-904.000073206E-6,10.0000000,
,,,-903.000065591E-6,10.0000000,
,,,-902.000057977E-6,10.0000000,
,,,-901.000050362E-6,10.0000000,
,,,-900.000100955E-6,10.0000000,
,,,-899.000093341E-6,10.0000000,
,,,-898.000085726E-6,10.0000000,
,,,-897.000078112E-6,10.0000000,
,,,-896.000070497E-6,10.0000000,
,,,-895.000062883E-6,10.0000000,
,,,-894.000055268E-6,10.1999998,
,,,-893.000105862E-6,10.0000000,
,,,-892.000098247E-6,10.1999998,
,,,-891.000090633E-6,10.0000000,
,,,-890.000083018E-6,10.1999998,
,,,-889.000075404E-6,10.1999998,
,,,-888.000067789E-6,10.1999998,
,,,-887.000060175E-6,10.0000000,
,,,-886.000052560E-6,10.1999998,
,,,-885.000103153E-6,10.1999998,
,,,-884.000095539E-6,10.1999998,
,,,-883.000087924E-6,10.1999998,
,,,-882.000080310E-6,10.1999998,
,,,-881.000072695E-6,10.1999998,
,,,-880.000065081E-6,10.1999998,
,,,-879.000057466E-6,10.1999998,
,,,-878.000108059E-6,10.1999998,
,,,-877.000100445E-6,10.1999998,
,,,-876.000092831E-6,10.1999998,
,,,-875.000085216E-6,10.1999998,
,,,-874.000077602E-6,10.1999998,
,,,-873.000069987E-6,10.1999998,
,,,-872.000062373E-6,10.1999998,
,,,-871.000054758E-6,10.1999998,
,,,-870.000105351E-6,10.4000006,
,,,-869.000097737E-6,10.1999998,
,,,-868.000090122E-6,10.1999998,
,,,-867.000082508E-6,10.4000006,
,,,-866.000074893E-6,10.4000006,
,,,-865.000067279E-6,10.1999998,
,,,-864.000059664E-6,10.1999998,
,,,-863.000052050E-6,10.4000006,
,,,-862.000102643E-6,10.4000006,
,,,-861.000095028E-6,10.4000006,
,,,-860.000087414E-6,10.4000006,
,,,-859.000079799E-6,10.4000006,
,,,-858.000072185E-6,10.4000006,
,,,-857.000064570E-6,10.4000006,
,,,-856.000056956E-6,10.4000006,
,,,-855.000107549E-6,10.4000006,
,,,-854.000099935E-6,10.4000006,
,,,-853.000092320E-6,10.4000006,
,,,-852.000084706E-6,10.4000006,
,,,-851.000077091E-6,10.4000006,
,,,-850.000069477E-6,10.4000006,
,,,-849.000061862E-6,10.4000006,
,,,-848.000054248E-6,10.4000006,
,,,-847.000104841E-6,10.4000006,
,,,-846.000097226E-6,10.4000006,
,,,-845.000089612E-6,10.4000006,
,,,-844.000081997E-6,10.4000006,
,,,-843.000074383E-6,10.4000006,
,,,-842.000066768E-6,10.4000006,
,,,-841.000059154E-6,10.4000006,
,,,-840.000051539E-6,10.4000006,
,,,-839.000102133E-6,10.4000006,
,,,-838.000094518E-6,10.4000006,
,,,-837.000086904E-6,10.4000006,
,,,-836.000079289E-6,10.4000006,
,,,-835.000071675E-6,10.6000004,
,,,-834.000064060E-6,10.6000004,
,,,-833.000056446E-6,10.4000006,
,,,-832.000107039E-6,10.4000006,
,,,-831.000099424E-6,10.4000006,
,,,-830.000091810E-6,10.4000006,
,,,-829.000084195E-6,10.4000006,
,,,-828.000076581E-6,10.6000004,
,,,-827.000068966E-6,10.4000006,
,,,-826.000061352E-6,10.6000004,
,,,-825.000053737E-6,10.6000004,
,,,-824.000104330E-6,10.6000004,
,,,-823.000096716E-6,10.4000006,
,,,-822.000089101E-6,10.6000004,
,,,-821.000081487E-6,10.6000004,
,,,-820.000073873E-6,10.6000004,
,,,-819.000066258E-6,10.4000006,
,,,-818.000058644E-6,10.4000006,
,,,-817.000051029E-6,10.6000004,
,,,-816.000101622E-6,10.6000004,
,,,-815.000094008E-6,10.6000004,
,,,-814.000086393E-6,10.6000004,
,,,-813.000078779E-6,10.4000006,
,,,-812.000071164E-6,10.6000004,
,,,-811.000063550E-6,10.6000004,
,,,-810.000055935E-6,10.4000006,
,,,-809.000106528E-6,10.6000004,
,,,-808.000098914E-6,10.4000006,
,,,-807.000091299E-6,10.6000004,
,,,-806.000083685E-6,10.4000006,
,,,-805.000076070E-6,10.4000006,
,,,-804.000068456E-6,10.4000006,
,,,-803.000060841E-6,10.4000006,
,,,-802.000053227E-6,10.6000004,
,,,-801.000103820E-6,10.4000006,
,,,-800.000096206E-6,10.4000006,
,,,-799.000088591E-6,10.4000006,
,,,-798.000080977E-6,10.6000004,
,,,-797.000073362E-6,10.6000004,
,,,-796.000065748E-6,10.6000004,
,,,-795.000058133E-6,10.4000006,
,,,-794.000108726E-6,10.4000006,
,,,-793.000101112E-6,10.6000004,
,,,-792.000093497E-6,10.6000004,
,,,-791.000085883E-6,10.4000006,
,,,-790.000078268E-6,10.4000006,
,,,-789.000070654E-6,10.6000004,
,,,-788.000063039E-6,10.6000004,
,,,-787.000055425E-6,10.4000006,
,,,-786.000106018E-6,10.4000006,
,,,-785.000098404E-6,10.6000004,
,,,-784.000090789E-6,10.4000006,
,,,-783.000083175E-6,10.4000006,
,,,-782.000075560E-6,10.6000004,
,,,-781.000067946E-6,10.6000004,
,,,-780.000060331E-6,10.6000004,
,,,-779.000052717E-6,10.4000006,
,,,-778.000103310E-6,10.6000004,
,,,-777.000095695E-6,10.4000006,
,,,-776.000088081E-6,10.6000004,
,,,-775.000080466E-6,10.6000004,
,,,-774.000072852E-6,10.6000004,
,,,-773.000065237E-6,10.4000006,
,,,-772.000057623E-6,10.6000004,
,,,-771.000108216E-6,10.6000004,
,,,-770.000100601E-6,10.6000004,
,,,-769.000092987E-6,10.4000006,
,,,-768.000085372E-6,10.4000006,
,,,-767.000077758E-6,10.4000006,
,,,-766.000070143E-6,10.6000004,
,,,-765.000062529E-6,10.4000006,
,,,-764.000054915E-6,10.6000004,
,,,-763.000105508E-6,10.4000006,
,,,-762.000097893E-6,10.4000006,
,,,-761.000090279E-6,10.6000004,
,,,-760.000082664E-6,10.4000006,
,,,-759.000075050E-6,10.4000006,
,,,-758.000067435E-6,10.4000006,
,,,-757.000059821E-6,10.4000006,
,,,-756.000052206E-6,10.6000004,
,,,-755.000102799E-6,10.4000006,
,,,-754.000095185E-6,10.6000004,
,,,-753.000087570E-6,10.4000006,
,,,-752.000079956E-6,10.4000006,
,,,-751.000072341E-6,10.4000006,
,,,-750.000064727E-6,10.4000006,
,,,-749.000057112E-6,10.4000006,
,,,-748.000107706E-6,10.4000006,
,,,-747.000100091E-6,10.4000006,
,,,-746.000092477E-6,10.4000006,
,,,-745.000084862E-6,10.4000006,
,,,-744.000077248E-6,10.4000006,
,,,-743.000069633E-6,10.4000006,
,,,-742.000062019E-6,10.4000006,
,,,-741.000054404E-6,10.4000006,
,,,-740.000104997E-6,10.4000006,
,,,-739.000097383E-6,10.4000006,
,,,-738.000089768E-6,10.4000006,
,,,-737.000082154E-6,10.4000006,
,,,-736.000074539E-6,10.4000006,
,,,-735.000066925E-6,10.4000006,
,,,-734.000059310E-6,10.4000006,
,,,-733.000051696E-6,10.4000006,
,,,-732.000102289E-6,10.4000006,
,,,-731.000094675E-6,10.4000006,
,,,-730.000087060E-6,10.4000006,
,,,-729.000079446E-6,10.4000006,
,,,-728.000071831E-6,10.1999998,
,,,-727.000064217E-6,10.1999998,
,,,-726.000056602E-6,10.4000006,
,,,-725.000107195E-6,10.4000006,
,,,-724.000099581E-6,10.1999998,
,,,-723.000091966E-6,10.1999998,
,,,-722.000084352E-6,10.4000006,
,,,-721.000076737E-6,10.1999998,
,,,-720.000069123E-6,10.1999998,
,,,-719.000061508E-6,10.1999998,
,,,-718.000053894E-6,10.1999998,
,,,-717.000104487E-6,10.1999998,
,,,-716.000096872E-6,10.1999998,
,,,-715.000089258E-6,10.1999998,
,,,-714.000081643E-6,10.1999998,
,,,-713.000074029E-6,10.4000006,
,,,-712.000066414E-6,10.1999998,
,,,-711.000058800E-6,10.1999998,
,,,-710.000051185E-6,10.1999998,
,,,-709.000101779E-6,10.1999998,
,,,-708.000094164E-6,10.1999998,
,,,-707.000086550E-6,10.1999998,
,,,-706.000078935E-6,10.1999998,
,,,-705.000071321E-6,10.1999998,
,,,-704.000063706E-6,10.1999998,
,,,-703.000056092E-6,10.1999998,
,,,-702.000106685E-6,10.1999998,
,,,-701.000099070E-6,10.1999998,
,,,-700.000091456E-6,10.1999998,
,,,-699.000083841E-6,10.1999998,
,,,-698.000076227E-6,10.1999998,
,,,-697.000068612E-6,10.0000000,
,,,-696.000060998E-6,10.0000000,
,,,-695.000053383E-6,10.0000000,
,,,-694.000103977E-6,10.0000000,
,,,-693.000096362E-6,10.0000000,
,,,-692.000088748E-6,10.0000000,
,,,-691.000081133E-6,10.0000000,
,,,-690.000073519E-6,10.0000000,
,,,-689.000065904E-6,10.0000000,
,,,-688.000058290E-6,10.0000000,
,,,-687.000108883E-6,10.0000000,
,,,-686.000101268E-6,10.0000000,
,,,-685.000093654E-6,10.0000000,
,,,-684.000086039E-6,10.0000000,
,,,-683.000078425E-6,9.800000191,
,,,-682.000070810E-6,9.800000191,
,,,-681.000063196E-6,9.800000191,
,,,-680.000055581E-6,9.800000191,
,,,-679.000106174E-6,9.800000191,
,,,-678.000098560E-6,9.800000191,
,,,-677.000090946E-6,9.800000191,
,,,-676.000083331E-6,9.800000191,
,,,-675.000075717E-6,9.800000191,
,,,-674.000068102E-6,9.800000191,
,,,-673.000060488E-6,9.800000191,
,,,-672.000052873E-6,9.800000191,
,,,-671.000103466E-6,9.600000381,
,,,-670.000095852E-6,9.800000191,
,,,-669.000088237E-6,9.800000191,
,,,-668.000080623E-6,9.800000191,
,,,-667.000073008E-6,9.800000191,
,,,-666.000065394E-6,9.800000191,
,,,-665.000057779E-6,9.600000381,
,,,-664.000108372E-6,9.600000381,
,,,-663.000100758E-6,9.800000191,
,,,-662.000093143E-6,9.600000381,
,,,-661.000085529E-6,9.600000381,
,,,-660.000077914E-6,9.600000381,
,,,-659.000070300E-6,9.600000381,
,,,-658.000062685E-6,9.600000381,
,,,-657.000055071E-6,9.600000381,
,,,-656.000105664E-6,9.600000381,
,,,-655.000098050E-6,9.600000381,
,,,-654.000090435E-6,9.600000381,
,,,-653.000082821E-6,9.400000572,
,,,-652.000075206E-6,9.600000381,
,,,-651.000067592E-6,9.600000381,
,,,-650.000059977E-6,9.600000381,
,,,-649.000052363E-6,9.600000381,
,,,-648.000102956E-6,9.400000572,
,,,-647.000095341E-6,9.600000381,
,,,-646.000087727E-6,9.400000572,
,,,-645.000080112E-6,9.400000572,
,,,-644.000072498E-6,9.400000572,
,,,-643.000064883E-6,9.400000572,
,,,-642.000057269E-6,9.400000572,
,,,-641.000107862E-6,9.400000572,
,,,-640.000100248E-6,9.199999809,
,,,-639.000092633E-6,9.199999809,
,,,-638.000085019E-6,9.199999809,
,,,-637.000077404E-6,9.400000572,
,,,-636.000069790E-6,9.400000572,
,,,-635.000062175E-6,9.199999809,
,,,-634.000054561E-6,9.199999809,
,,,-633.000105154E-6,9.199999809,
,,,-632.000097539E-6,9.199999809,
,,,-631.000089925E-6,9.199999809,
,,,-630.000082310E-6,9.199999809,
,,,-629.000074696E-6,9.199999809,
,,,-628.000067081E-6,9.199999809,
,,,-627.000059467E-6,9.199999809,
,,,-626.000051852E-6,9.199999809,
,,,-625.000102445E-6,9.199999809,
,,,-624.000094831E-6,9.199999809,
,,,-623.000087216E-6,9.199999809,
,,,-622.000079602E-6,9.199999809,
,,,-621.000071988E-6,9.199999809,
,,,-620.000064373E-6,9.000000000,
,,,-619.000056759E-6,9.199999809,
,,,-618.000107352E-6,9.199999809,
,,,-617.000099737E-6,9.000000000,
,,,-616.000092123E-6,9.000000000,
,,,-615.000084508E-6,9.000000000,
,,,-614.000076894E-6,9.000000000,
,,,-613.000069279E-6,9.000000000,
,,,-612.000061665E-6,9.000000000,
,,,-611.000054050E-6,9.000000000,
,,,-610.000104643E-6,9.000000000,
,,,-609.000097029E-6,9.000000000,
,,,-608.000089414E-6,9.000000000,
,,,-607.000081800E-6,9.000000000,
,,,-606.000074185E-6,8.800000191,
,,,-605.000066571E-6,8.800000191,
,,,-604.000058956E-6,8.800000191,
,,,-603.000051342E-6,8.800000191,
,,,-602.000101935E-6,8.800000191,
,,,-601.000094321E-6,8.800000191,
,,,-600.000086706E-6,8.800000191,
,,,-599.000079092E-6,8.800000191,
,,,-598.000071477E-6,8.800000191,
,,,-597.000063863E-6,8.800000191,
,,,-596.000056248E-6,8.600000381,
,,,-595.000106841E-6,8.600000381,
,,,-594.000099227E-6,8.600000381,
,,,-593.000091612E-6,8.600000381,
,,,-592.000083998E-6,8.600000381,
,,,-591.000076383E-6,8.600000381,
,,,-590.000068769E-6,8.600000381,
,,,-589.000061154E-6,8.600000381,
,,,-588.000053540E-6,8.600000381,
,,,-587.000104133E-6,8.600000381,
,,,-586.000096519E-6,8.600000381,
,,,-585.000088904E-6,8.600000381,
,,,-584.000081290E-6,8.400000572,
,,,-583.000073675E-6,8.400000572,
,,,-582.000066061E-6,8.400000572,
,,,-581.000058446E-6,8.400000572,
,,,-580.000109039E-6,8.400000572,
,,,-579.000101425E-6,8.400000572,
,,,-578.000093810E-6,8.400000572,
,,,-577.000086196E-6,8.199999809,
,,,-576.000078581E-6,8.400000572,
,,,-575.000070967E-6,8.199999809,
,,,-574.000063352E-6,8.400000572,
,,,-573.000055738E-6,8.400000572,
,,,-572.000106331E-6,8.199999809,
,,,-571.000098716E-6,8.400000572,
,,,-570.000091102E-6,8.199999809,
,,,-569.000083487E-6,8.199999809,
,,,-568.000075873E-6,8.199999809,
,,,-567.000068258E-6,8.199999809,
,,,-566.000060644E-6,8.000000000,
,,,-565.000053030E-6,8.199999809,
,,,-564.000103623E-6,8.199999809,
,,,-563.000096008E-6,8.199999809,
,,,-562.000088394E-6,8.199999809,
,,,-561.000080779E-6,8.000000000,
,,,-560.000073165E-6,8.000000000,
,,,-559.000065550E-6,8.000000000,
,,,-558.000057936E-6,8.000000000,
,,,-557.000108529E-6,8.000000000,
,,,-556.000100914E-6,8.000000000,
,,,-555.000093300E-6,8.000000000,
,,,-554.000085685E-6,8.000000000,
,,,-553.000078071E-6,7.800000191,
,,,-552.000070456E-6,8.000000000,
,,,-551.000062842E-6,7.800000191,
,,,-550.000055227E-6,8.000000000,
,,,-549.000105821E-6,7.800000191,
,,,-548.000098206E-6,7.800000191,
,,,-547.000090592E-6,7.800000191,
,,,-546.000082977E-6,7.800000191,
,,,-545.000075363E-6,7.599999905,
,,,-544.000067748E-6,7.800000191,
,,,-543.000060134E-6,7.800000191,
,,,-542.000052519E-6,7.599999905,
,,,-541.000103112E-6,7.599999905,
,,,-540.000095498E-6,7.599999905,
,,,-539.000087883E-6,7.599999905,
,,,-538.000080269E-6,7.599999905,
,,,-537.000072654E-6,7.599999905,
,,,-536.000065040E-6,7.599999905,
,,,-535.000057425E-6,7.599999905,
,,,-534.000108019E-6,7.599999905,
,,,-533.000100404E-6,7.599999905,
,,,-532.000092790E-6,7.400000095,
,,,-531.000085175E-6,7.599999905,
,,,-530.000077561E-6,7.400000095,
,,,-529.000069946E-6,7.400000095,
,,,-528.000062332E-6,7.400000095,
,,,-527.000054717E-6,7.400000095,
,,,-526.000105310E-6,7.400000095,
,,,-525.000097696E-6,7.400000095,
,,,-524.000090081E-6,7.400000095,
,,,-523.000082467E-6,7.400000095,
,,,-522.000074852E-6,7.400000095,
,,,-521.000067238E-6,7.20000029,
,,,-520.000059623E-6,7.400000095,
,,,-519.000052009E-6,7.20000029,
,,,-518.000102602E-6,7.20000029,
,,,-517.000094987E-6,7.20000029,
,,,-516.000087373E-6,7.20000029,
,,,-515.000079758E-6,7.20000029,
,,,-514.000072144E-6,7.20000029,
,,,-513.000064529E-6,7.20000029,
,,,-512.000056915E-6,7.00000000,
,,,-511.000107508E-6,7.00000000,
,,,-510.000099894E-6,7.00000000,
,,,-509.000092279E-6,7.20000029,
,,,-508.000084665E-6,7.00000000,
,,,-507.000077050E-6,7.00000000,
,,,-506.000069436E-6,7.00000000,
,,,-505.000061821E-6,7.00000000,
,,,-504.000054207E-6,7.00000000,
,,,-503.000104800E-6,7.00000000,
,,,-502.000097185E-6,7.00000000,
,,,-501.000089571E-6,7.00000000,
,,,-500.000081956E-6,7.00000000,
,,,-499.000074342E-6,6.80000019,
,,,-498.000066727E-6,7.00000000,
,,,-497.000059113E-6,6.80000019,
,,,-496.000051498E-6,6.80000019,
,,,-495.000102092E-6,6.80000019,
,,,-494.000094477E-6,6.80000019,
,,,-493.000086863E-6,6.80000019,
,,,-492.000079248E-6,6.80000019,
,,,-491.000071634E-6,6.80000019,
,,,-490.000064019E-6,6.59999990,
,,,-489.000056405E-6,6.59999990,
,,,-488.000077894E-6,6.59999990,
,,,-487.000070279E-6,6.59999990,
,,,-486.000091769E-6,6.59999990,
,,,-485.000084154E-6,6.59999990,
,,,-484.000076540E-6,6.59999990,
,,,-483.000068925E-6,6.59999990,
,,,-482.000090415E-6,6.59999990,
,,,-481.000082800E-6,6.59999990,
,,,-480.000075186E-6,6.59999990,
,,,-479.000067571E-6,6.59999990,
,,,-478.000089061E-6,6.40000010,
,,,-477.000081446E-6,6.40000010,
,,,-476.000073832E-6,6.59999990,
,,,-475.000066217E-6,6.40000010,
,,,-474.000087706E-6,6.40000010,
,,,-473.000080092E-6,6.40000010,
,,,-472.000072477E-6,6.40000010,
,,,-471.000093967E-6,6.59999990,
,,,-470.000086352E-6,6.40000010,
,,,-469.000078738E-6,6.40000010,
,,,-468.000071123E-6,6.40000010,
,,,-467.000092613E-6,6.40000010,
,,,-466.000084998E-6,6.40000010,
,,,-465.000077384E-6,6.40000010,
,,,-464.000069769E-6,6.20000029,
,,,-463.000091258E-6,6.20000029,
,,,-462.000083644E-6,6.20000029,
,,,-461.000076029E-6,6.20000029,
,,,-460.000068415E-6,6.20000029,
,,,-459.000089904E-6,6.20000029,
,,,-458.000082290E-6,6.20000029,
,,,-457.000074675E-6,6.20000029,
,,,-456.000067061E-6,6.20000029,
,,,-455.000088550E-6,6.20000029,
,,,-454.000080936E-6,6.00000000,
,,,-453.000073321E-6,6.20000029,
,,,-452.000094811E-6,6.20000029,
,,,-451.000087196E-6,6.00000000,
,,,-450.000079582E-6,6.00000000,
,,,-449.000071967E-6,6.00000000,
,,,-448.000093456E-6,6.00000000,
,,,-447.000085842E-6,6.00000000,
,,,-446.000078227E-6,6.00000000,
,,,-445.000070613E-6,6.00000000,
,,,-444.000092102E-6,6.00000000,
,,,-443.000084488E-6,6.00000000,
,,,-442.000076873E-6,5.80000019,
,,,-441.000069259E-6,6.00000000,
,,,-440.000090748E-6,6.00000000,
,,,-439.000083134E-6,5.80000019,
,,,-438.000075519E-6,6.00000000,
,,,-437.000067905E-6,6.00000000,
,,,-436.000089394E-6,5.80000019,
,,,-435.000081779E-6,5.80000019,
,,,-434.000074165E-6,5.80000019,
,,,-433.000066550E-6,5.80000019,
,,,-432.000088040E-6,5.80000019,
,,,-431.000080425E-6,5.80000019,
,,,-430.000072811E-6,5.80000019,
,,,-429.000094300E-6,5.80000019,
,,,-428.000086686E-6,5.80000019,
,,,-427.000079071E-6,5.80000019,
,,,-426.000071457E-6,5.80000019,
,,,-425.000092946E-6,5.59999990,
,,,-424.000085331E-6,5.59999990,
,,,-423.000077717E-6,5.80000019,
,,,-422.000070103E-6,5.59999990,
,,,-421.000091592E-6,5.59999990,
,,,-420.000083977E-6,5.59999990,
,,,-419.000076363E-6,5.59999990,
,,,-418.000068748E-6,5.59999990,
,,,-417.000090238E-6,5.59999990,
,,,-416.000082623E-6,5.59999990,
,,,-415.000075009E-6,5.40000010,
,,,-414.000067394E-6,5.59999990,
,,,-413.000088884E-6,5.59999990,
,,,-412.000081269E-6,5.40000010,
,,,-411.000073655E-6,5.59999990,
,,,-410.000095144E-6,5.40000010,
,,,-409.000087529E-6,5.40000010,
,,,-408.000079915E-6,5.40000010,
,,,-407.000072300E-6,5.59999990,
,,,-406.000093790E-6,5.40000010,
,,,-405.000086175E-6,5.59999990,
,,,-404.000078561E-6,5.40000010,
,,,-403.00007095E-6,5.40000010,
,,,-402.00009244E-6,5.40000010,
,,,-401.00008482E-6,5.40000010,
,,,-400.00007721E-6,5.40000010,
,,,-399.00006959E-6,5.40000010,
,,,-398.00009108E-6,5.40000010,
,,,-397.00008347E-6,5.20000029,
,,,-396.00007585E-6,5.40000010,
,,,-395.00006824E-6,5.20000029,
,,,-394.00008973E-6,5.20000029,
,,,-393.00008211E-6,5.40000010,
,,,-392.00007450E-6,5.20000029,
,,,-391.00006688E-6,5.20000029,
,,,-390.00008837E-6,5.40000010,
,,,-389.00008076E-6,5.20000029,
,,,-388.00007314E-6,5.20000029,
,,,-387.00009463E-6,5.20000029,
,,,-386.00008702E-6,5.20000029,
,,,-385.00007940E-6,5.20000029,
,,,-384.00007179E-6,5.20000029,
,,,-383.00009328E-6,5.20000029,
,,,-382.00008566E-6,5.20000029,
,,,-381.00007805E-6,5.20000029,
,,,-380.00007044E-6,5.20000029,
,,,-379.00009193E-6,5.20000029,
,,,-378.00008431E-6,5.00000000,
,,,-377.00007670E-6,5.20000029,
,,,-376.00006908E-6,5.00000000,
,,,-375.00009057E-6,5.20000029,
,,,-374.00008296E-6,5.00000000,
,,,-373.00007534E-6,5.20000029,
,,,-372.00006773E-6,5.20000029,
,,,-371.00008922E-6,5.20000029,
,,,-370.00008160E-6,5.00000000,
,,,-369.00007399E-6,5.00000000,
,,,-368.00006637E-6,5.00000000,
,,,-367.00008786E-6,5.00000000,
,,,-366.00008025E-6,5.00000000,
,,,-365.00007263E-6,5.00000000,
,,,-364.00009412E-6,5.00000000,
,,,-363.00008651E-6,5.00000000,
,,,-362.00007889E-6,5.00000000,
,,,-361.00007128E-6,5.00000000,
,,,-360.00009277E-6,5.00000000,
,,,-359.00008515E-6,5.00000000,
,,,-358.00007754E-6,5.00000000,
,,,-357.00006993E-6,5.00000000,
,,,-356.00009141E-6,5.00000000,
,,,-355.00008380E-6,5.00000000,
,,,-354.00007619E-6,5.00000000,
,,,-353.00006857E-6,5.00000000,
,,,-352.00009006E-6,4.80000019,
,,,-351.00008245E-6,4.80000019,
,,,-350.00007483E-6,5.00000000,
,,,-349.00006722E-6,5.00000000,
,,,-348.00008871E-6,5.00000000,
,,,-347.00008109E-6,4.80000019,
,,,-346.00007348E-6,4.80000019,
,,,-345.00009497E-6,4.80000019,
,,,-344.00008735E-6,4.80000019,
,,,-343.00007974E-6,4.80000019,
,,,-342.00007212E-6,4.80000019,
,,,-341.00009361E-6,5.00000000,
,,,-340.00008600E-6,5.00000000,
,,,-339.00007838E-6,5.00000000,
,,,-338.00007077E-6,4.80000019,
,,,-337.00009226E-6,4.80000019,
,,,-336.00008464E-6,4.80000019,
,,,-335.00007703E-6,4.80000019,
,,,-334.00006942E-6,4.80000019,
,,,-333.00009090E-6,4.80000019,
,,,-332.00008329E-6,4.80000019,
,,,-331.00007568E-6,4.80000019,
,,,-330.00006806E-6,4.80000019,
,,,-329.00008955E-6,4.80000019,
,,,-328.00008194E-6,4.80000019,
,,,-327.00007432E-6,4.80000019,
,,,-326.00006671E-6,4.80000019,
,,,-325.00008820E-6,4.80000019,
,,,-324.00008058E-6,4.80000019,
,,,-323.00007297E-6,4.80000019,
,,,-322.00009446E-6,4.80000019,
,,,-321.00008684E-6,4.80000019,
,,,-320.00007923E-6,4.59999990,
,,,-319.00007161E-6,4.80000019,
,,,-318.00009310E-6,4.80000019,
,,,-317.00008549E-6,4.80000019,
,,,-316.00007787E-6,4.80000019,
,,,-315.00007026E-6,4.59999990,
,,,-314.00009175E-6,4.80000019,
,,,-313.00008413E-6,4.80000019,
,,,-312.00007652E-6,4.80000019,
,,,-311.00006890E-6,4.80000019,
,,,-310.00009039E-6,4.80000019,
,,,-309.00008278E-6,4.80000019,
,,,-308.00007517E-6,4.80000019,
,,,-307.00006755E-6,4.59999990,
,,,-306.00008904E-6,4.80000019,
,,,-305.00008143E-6,4.80000019,
,,,-304.00007381E-6,4.80000019,
,,,-303.00009530E-6,4.80000019,
,,,-302.00008769E-6,4.59999990,
,,,-301.00008007E-6,4.59999990,
,,,-300.00007246E-6,4.80000019,
,,,-299.00009395E-6,4.80000019,
,,,-298.00008633E-6,4.80000019,
,,,-297.00007872E-6,4.80000019,
,,,-296.00007110E-6,4.80000019,
,,,-295.00009259E-6,4.59999990,
,,,-294.00008498E-6,4.80000019,
,,,-293.00007736E-6,4.80000019,
,,,-292.00006975E-6,4.80000019,
,,,-291.00009124E-6,4.80000019,
,,,-290.00008362E-6,4.80000019,
,,,-289.00007601E-6,4.80000019,
,,,-288.00006839E-6,4.80000019,
,,,-287.00008988E-6,4.80000019,
,,,-286.00008227E-6,4.80000019,
,,,-285.00007465E-6,4.80000019,
,,,-284.00006704E-6,4.80000019,
,,,-283.00008853E-6,4.80000019,
,,,-282.00008092E-6,4.80000019,
,,,-281.00007330E-6,4.80000019,
,,,-280.00009479E-6,4.80000019,
,,,-279.00008718E-6,4.59999990,
,,,-278.00007956E-6,4.80000019,
,,,-277.00007195E-6,4.80000019,
,,,-276.00009344E-6,4.80000019,
,,,-275.00008582E-6,4.80000019,
,,,-274.00007821E-6,4.80000019,
,,,-273.00007059E-6,4.80000019,
,,,-272.00009208E-6,4.80000019,
,,,-271.00008447E-6,4.80000019,
,,,-270.00007685E-6,4.80000019,
,,,-269.00006924E-6,4.80000019,
,,,-268.00009073E-6,4.80000019,
,,,-267.00008311E-6,4.80000019,
,,,-266.00007550E-6,4.80000019,
,,,-265.00006788E-6,4.80000019,
,,,-264.00008937E-6,4.80000019,
,,,-263.00008176E-6,4.80000019,
,,,-262.00007414E-6,4.80000019,
,,,-261.00006653E-6,4.80000019,
,,,-260.00008802E-6,4.80000019,
,,,-259.00008040E-6,4.80000019,
,,,-258.00007279E-6,4.80000019,
,,,-257.00009428E-6,4.80000019,
,,,-256.00008667E-6,4.80000019,
,,,-255.00007905E-6,4.80000019,
,,,-254.00007144E-6,4.80000019,
,,,-253.00009293E-6,4.80000019,
,,,-252.00008531E-6,5.00000000,
,,,-251.00007770E-6,4.80000019,
,,,-250.00007008E-6,5.00000000,
,,,-249.00009157E-6,4.80000019,
,,,-248.00008396E-6,5.00000000,
,,,-247.00007634E-6,5.00000000,
,,,-246.00006873E-6,4.80000019,
,,,-245.00009022E-6,4.80000019,
,,,-244.00008260E-6,5.00000000,
,,,-243.00007499E-6,4.80000019,
,,,-242.00008193E-6,4.80000019,
,,,-241.00007431E-6,5.00000000,
,,,-240.00008125E-6,4.80000019,
,,,-239.00008819E-6,5.00000000,
,,,-238.00008057E-6,5.00000000,
,,,-237.00008751E-6,5.00000000,
,,,-236.00007989E-6,5.00000000,
,,,-235.00008683E-6,5.00000000,
,,,-234.00007922E-6,5.00000000,
,,,-233.00008615E-6,5.00000000,
,,,-232.00007854E-6,5.00000000,
,,,-231.00008548E-6,5.00000000,
,,,-230.00007786E-6,5.00000000,
,,,-229.00008480E-6,5.00000000,
,,,-228.00007719E-6,5.00000000,
,,,-227.00008412E-6,5.00000000,
,,,-226.00007651E-6,5.00000000,
,,,-225.00008345E-6,5.00000000,
,,,-224.00007583E-6,5.00000000,
,,,-223.00008277E-6,5.00000000,
,,,-222.00007515E-6,5.00000000,
,,,-221.00008209E-6,5.00000000,
,,,-220.00007448E-6,5.20000029,
,,,-219.00008142E-6,5.00000000,
,,,-218.00008835E-6,5.20000029,
,,,-217.00008074E-6,5.20000029,
,,,-216.00008768E-6,5.00000000,
,,,-215.00008006E-6,5.20000029,
,,,-214.00008700E-6,5.20000029,
,,,-213.00007938E-6,5.20000029,
,,,-212.00008632E-6,5.20000029,
,,,-211.00007871E-6,5.20000029,
,,,-210.00008564E-6,5.20000029,
,,,-209.00007803E-6,5.20000029,
,,,-208.00008497E-6,5.20000029,
,,,-207.00007735E-6,5.20000029,
,,,-206.00008429E-6,5.20000029,
,,,-205.00007668E-6,5.20000029,
,,,-204.00008361E-6,5.20000029,
,,,-203.00007600E-6,5.20000029,
,,,-202.00008294E-6,5.20000029,
,,,-201.00007532E-6,5.20000029,
,,,-200.00008226E-6,5.20000029,
,,,-199.00007464E-6,5.20000029,
,,,-198.00008158E-6,5.20000029,
,,,-197.00007397E-6,5.40000010,
,,,-196.00008090E-6,5.40000010,
,,,-195.00008784E-6,5.40000010,
,,,-194.00008023E-6,5.20000029,
,,,-193.00008717E-6,5.40000010,
,,,-192.00007955E-6,5.40000010,
,,,-191.00008649E-6,5.40000010,
,,,-190.00007887E-6,5.20000029,
,,,-189.00008581E-6,5.40000010,
,,,-188.00007820E-6,5.40000010,
,,,-187.00008513E-6,5.40000010,
,,,-186.00007752E-6,5.40000010,
,,,-185.00008446E-6,5.40000010,
,,,-184.00007684E-6,5.40000010,
,,,-183.00008378E-6,5.40000010,
,,,-182.00007617E-6,5.40000010,
,,,-181.00008310E-6,5.59999990,
,,,-180.00007549E-6,5.59999990,
,,,-179.00008243E-6,5.59999990,
,,,-178.00007481E-6,5.59999990,
,,,-177.00008175E-6,5.59999990,
,,,-176.00007413E-6,5.59999990,
,,,-175.00008107E-6,5.59999990,
,,,-174.00008801E-6,5.59999990,
,,,-173.00008039E-6,5.59999990,
,,,-172.00008733E-6,5.59999990,
,,,-171.00007972E-6,5.59999990,
,,,-170.00008665E-6,5.59999990,
,,,-169.00007904E-6,5.80000019,
,,,-168.00008598E-6,5.59999990,
,,,-167.00007836E-6,5.80000019,
,,,-166.00008530E-6,5.80000019,
,,,-165.00007769E-6,5.59999990,
,,,-164.00008462E-6,5.59999990,
,,,-163.00007701E-6,5.80000019,
,,,-162.00008395E-6,5.80000019,
,,,-161.00007633E-6,5.80000019,
,,,-160.00008327E-6,5.80000019,
,,,-159.00007566E-6,5.80000019,
,,,-158.00008259E-6,5.80000019,
,,,-157.00007498E-6,5.80000019,
,,,-156.00008192E-6,6.00000000,
,,,-155.00007430E-6,6.00000000,
,,,-154.00008124E-6,5.80000019,
,,,-153.00008818E-6,6.00000000,
,,,-152.00008056E-6,6.00000000,
,,,-151.00008750E-6,6.00000000,
,,,-150.00007988E-6,6.00000000,
,,,-149.00008682E-6,6.00000000,
,,,-148.0000792E-6,6.00000000,
,,,-147.0000861E-6,6.00000000,
,,,-146.0000785E-6,6.00000000,
,,,-145.0000855E-6,6.00000000,
,,,-144.0000779E-6,6.00000000,
,,,-143.0000848E-6,6.20000029,
,,,-142.0000772E-6,6.00000000,
,,,-141.0000841E-6,6.00000000,
,,,-140.0000765E-6,6.20000029,
,,,-139.0000834E-6,6.00000000,
,,,-138.0000758E-6,6.20000029,
,,,-137.0000828E-6,6.20000029,
,,,-136.0000751E-6,6.20000029,
,,,-135.0000821E-6,6.20000029,
,,,-134.0000745E-6,6.20000029,
,,,-133.0000814E-6,6.20000029,
,,,-132.0000883E-6,6.20000029,
,,,-131.0000807E-6,6.20000029,
,,,-130.0000877E-6,6.20000029,
,,,-129.0000801E-6,6.20000029,
,,,-128.0000870E-6,6.20000029,
,,,-127.0000794E-6,6.40000010,
,,,-126.0000863E-6,6.40000010,
,,,-125.0000787E-6,6.40000010,
,,,-124.0000856E-6,6.40000010,
,,,-123.0000780E-6,6.40000010,
,,,-122.0000850E-6,6.40000010,
,,,-121.0000846E-6,6.40000010,
,,,-120.0000843E-6,6.40000010,
,,,-119.0000839E-6,6.40000010,
,,,-118.0000836E-6,6.59999990,
,,,-117.0000833E-6,6.40000010,
,,,-116.0000829E-6,6.59999990,
,,,-115.0000826E-6,6.59999990,
,,,-114.0000822E-6,6.59999990,
,,,-113.0000819E-6,6.59999990,
,,,-112.0000816E-6,6.59999990,
,,,-111.0000812E-6,6.59999990,
,,,-110.0000809E-6,6.59999990,
,,,-109.0000806E-6,6.59999990,
,,,-108.0000802E-6,6.59999990,
,,,-107.0000799E-6,6.59999990,
,,,-106.0000795E-6,6.59999990,
,,,-105.0000792E-6,6.59999990,
,,,-104.0000789E-6,6.59999990,
,,,-103.0000785E-6,6.80000019,
,,,-102.0000782E-6,6.80000019,
,,,-101.0000778E-6,6.80000019,
,,,-100.0000848E-6,6.80000019,
,,,-99.000084447E-6,6.80000019,
,,,-98.000084108E-6,6.80000019,
,,,-97.000083770E-6,6.80000019,
,,,-96.000083431E-6,6.80000019,
,,,-95.000083093E-6,6.80000019,
,,,-94.000082754E-6,6.80000019,
,,,-93.000082416E-6,6.80000019,
,,,-92.000082077E-6,6.80000019,
,,,-91.000081738E-6,6.80000019,
,,,-90.000081400E-6,7.00000000,
,,,-89.000081061E-6,7.00000000,
,,,-88.000080723E-6,7.00000000,
,,,-87.000080384E-6,7.00000000,
,,,-86.000080046E-6,7.00000000,
,,,-85.000079707E-6,7.00000000,
,,,-84.000079369E-6,7.00000000,
,,,-83.000079030E-6,7.00000000,
,,,-82.000078692E-6,7.00000000,
,,,-81.000078353E-6,7.20000029,
,,,-80.000078015E-6,7.20000029,
,,,-79.000084952E-6,7.20000029,
,,,-78.000084613E-6,7.20000029,
,,,-77.000084275E-6,7.20000029,
,,,-76.000083936E-6,7.20000029,
,,,-75.000083598E-6,7.20000029,
,,,-74.000083259E-6,7.20000029,
,,,-73.000082921E-6,7.20000029,
,,,-72.000082582E-6,7.20000029,
,,,-71.000082244E-6,7.20000029,
,,,-70.000081905E-6,7.400000095,
,,,-69.000081567E-6,7.20000029,
,,,-68.000081228E-6,7.400000095,
,,,-67.000080890E-6,7.20000029,
,,,-66.000080551E-6,7.400000095,
,,,-65.000080212E-6,7.400000095,
,,,-64.000079874E-6,7.400000095,
,,,-63.000079535E-6,7.400000095,
,,,-62.000079197E-6,7.400000095,
,,,-61.000082496E-6,7.599999905,
,,,-60.000082158E-6,7.599999905,
,,,-59.000081819E-6,7.400000095,
,,,-58.000081481E-6,7.599999905,
,,,-57.000081142E-6,7.599999905,
,,,-56.000080804E-6,7.599999905,
,,,-55.000080465E-6,7.599999905,
,,,-54.00008013E-6,7.599999905,
,,,-53.00007979E-6,7.599999905,
,,,-52.00008309E-6,7.599999905,
,,,-51.00008275E-6,7.599999905,
,,,-50.00008241E-6,7.599999905,
,,,-49.00008207E-6,7.599999905,
,,,-48.00008173E-6,7.599999905,
,,,-47.00008139E-6,7.800000191,
,,,-46.00008106E-6,7.599999905,
,,,-45.00008072E-6,7.800000191,
,,,-44.00008038E-6,7.800000191,
,,,-43.00008004E-6,7.800000191,
,,,-42.00007970E-6,7.800000191,
,,,-41.00008300E-6,7.800000191,
,,,-40.00008266E-6,7.800000191,
,,,-39.00008232E-6,7.800000191,
,,,-38.00008199E-6,7.800000191,
,,,-37.00008165E-6,8.000000000,
,,,-36.00008131E-6,8.000000000,
,,,-35.00008097E-6,8.000000000,
,,,-34.00008063E-6,8.000000000,
,,,-33.00008029E-6,8.000000000,
,,,-32.00007995E-6,8.000000000,
,,,-31.00008325E-6,8.000000000,
,,,-30.00008110E-6,8.199999809,
,,,-29.00008076E-6,8.199999809,
,,,-28.00008224E-6,8.199999809,
,,,-27.00008190E-6,8.199999809,
,,,-26.00008156E-6,8.000000000,
,,,-25.00008122E-6,8.199999809,
,,,-24.00008088E-6,8.199999809,
,,,-23.00008236E-6,8.199999809,
,,,-22.00008203E-6,8.199999809,
,,,-21.00008169E-6,8.199999809,
,,,-20.0000813E-6,8.199999809,
,,,-19.0000810E-6,8.199999809,
,,,-18.0000825E-6,8.199999809,
,,,-17.0000822E-6,8.400000572,
,,,-16.0000818E-6,8.400000572,
,,,-15.0000815E-6,8.400000572,
,,,-14.0000811E-6,8.400000572,
,,,-13.0000817E-6,8.400000572,
,,,-12.0000814E-6,8.400000572,
,,,-11.0000819E-6,8.400000572,
,,,-10.0000816E-6,8.400000572,
,,,-9.000081263E-6,8.400000572,
,,,-8.000081834E-6,8.600000381,
,,,-7.00008150E-6,8.600000381,
,,,-6.00008161E-6,8.400000572,
,,,-5.00008173E-6,8.600000381,
,,,-4.00008139E-6,8.600000381,
,,,-3.00008151E-6,8.600000381,
,,,-2.0000816E-6,8.600000381,
,,,-1.0000816E-6,8.600000381,
,,,-81.627149150E-12,8.600000381,
,,,999.918370326E-9,8.600000381,
,,,1.9999184E-6,8.600000381,
,,,2.99991825E-6,8.600000381,
,,,3.99991859E-6,8.600000381,
,,,4.99991847E-6,8.800000191,
,,,5.99991836E-6,8.800000191,
,,,6.99991824E-6,8.800000191,
,,,7.999918125E-6,8.600000381,
,,,8.999918464E-6,8.800000191,
,,,9.999917893E-6,8.800000191,
,,,10.9999182E-6,8.800000191,
,,,11.9999186E-6,8.800000191,
,,,12.9999180E-6,8.800000191,
,,,13.9999183E-6,8.800000191,
,,,14.9999187E-6,8.800000191,
,,,15.9999181E-6,8.800000191,
,,,16.9999184E-6,8.800000191,
,,,17.9999188E-6,9.000000000,
,,,18.9999191E-6,8.800000191,
,,,19.9999176E-6,9.000000000,
,,,20.99991798E-6,9.000000000,
,,,21.99991832E-6,9.000000000,
,,,22.99991866E-6,9.000000000,
,,,23.99991899E-6,9.000000000,
,,,24.99991751E-6,9.000000000,
,,,25.99991785E-6,9.000000000,
,,,26.99991819E-6,9.000000000,
,,,27.99991853E-6,9.000000000,
,,,28.99991887E-6,9.000000000,
,,,29.99991921E-6,9.000000000,
,,,30.99991955E-6,9.000000000,
,,,31.99991988E-6,9.000000000,
,,,32.99991658E-6,9.199999809,
,,,33.99991692E-6,9.199999809,
,,,34.99991726E-6,9.199999809,
,,,35.99991760E-6,9.199999809,
,,,36.99991794E-6,9.199999809,
,,,37.99991828E-6,9.199999809,
,,,38.99991862E-6,9.199999809,
,,,39.99991895E-6,9.199999809,
,,,40.99991929E-6,9.199999809,
,,,41.99991963E-6,9.199999809,
,,,42.99991997E-6,9.199999809,
,,,43.99991667E-6,9.199999809,
,,,44.99991701E-6,9.199999809,
,,,45.99991735E-6,9.199999809,
,,,46.99991769E-6,9.400000572,
,,,47.99991802E-6,9.199999809,
,,,48.99991836E-6,9.400000572,
,,,49.99991870E-6,9.400000572,
,,,50.99991904E-6,9.199999809,
,,,51.99991938E-6,9.199999809,
,,,52.99991972E-6,9.400000572,
,,,53.99991642E-6,9.400000572,
,,,54.999916756E-6,9.400000572,
,,,55.999917095E-6,9.400000572,
,,,56.999917433E-6,9.400000572,
,,,57.999917772E-6,9.400000572,
,,,58.999918110E-6,9.400000572,
,,,59.999918449E-6,9.400000572,
,,,60.999918787E-6,9.400000572,
,,,61.999919126E-6,9.600000381,
,,,62.999919464E-6,9.600000381,
,,,63.999919803E-6,9.600000381,
,,,64.999920141E-6,9.600000381,
,,,65.999920480E-6,9.600000381,
,,,66.999920818E-6,9.600000381,
,,,67.999921157E-6,9.600000381,
,,,68.999921496E-6,9.600000381,
,,,69.999921834E-6,9.600000381,
,,,70.999914897E-6,9.600000381,
,,,71.999915235E-6,9.600000381,
,,,72.999915574E-6,9.600000381,
,,,73.999915912E-6,9.600000381,
,,,74.999916251E-6,9.600000381,
,,,75.999916589E-6,9.800000191,
,,,76.999916928E-6,9.800000191,
,,,77.999917266E-6,9.800000191,
,,,78.999917605E-6,9.800000191,
,,,79.999917943E-6,9.800000191,
,,,80.999918282E-6,9.800000191,
,,,81.999918621E-6,9.800000191,
,,,82.999918959E-6,9.800000191,
,,,83.999919298E-6,9.800000191,
,,,84.999919636E-6,9.800000191,
,,,85.999919975E-6,9.800000191,
,,,86.999920313E-6,10.0000000,
,,,87.999920652E-6,10.0000000,
,,,88.999920990E-6,9.800000191,
,,,89.999921329E-6,10.0000000,
,,,90.999921667E-6,9.800000191,
,,,91.999914730E-6,10.0000000,
,,,92.999915069E-6,10.0000000,
,,,93.999915407E-6,10.0000000,
,,,94.999915746E-6,10.0000000,
,,,95.999916084E-6,10.0000000,
,,,96.999916423E-6,10.0000000,
,,,97.999916761E-6,10.0000000,
,,,98.999917100E-6,10.0000000,
,,,99.999917438E-6,10.0000000,
,,,100.9999178E-6,10.0000000,
,,,101.9999181E-6,10.0000000,
,,,102.9999185E-6,10.0000000,
,,,103.9999188E-6,10.0000000,
,,,104.9999191E-6,10.0000000,
,,,105.9999195E-6,10.0000000,
,,,106.9999198E-6,10.0000000,
,,,107.9999201E-6,10.1999998,
,,,108.9999205E-6,10.1999998,
,,,109.9999208E-6,10.1999998,
,,,110.9999212E-6,10.1999998,
,,,111.9999215E-6,10.1999998,
,,,112.9999146E-6,10.0000000,
,,,113.9999149E-6,10.0000000,
,,,114.9999152E-6,10.1999998,
,,,115.9999156E-6,10.1999998,
,,,116.9999159E-6,10.1999998,
,,,117.9999163E-6,10.1999998,
,,,118.9999166E-6,10.1999998,
,,,119.9999169E-6,10.1999998,
,,,120.9999173E-6,10.1999998,
,,,121.9999176E-6,10.1999998,
,,,122.9999179E-6,10.1999998,
,,,123.9999110E-6,10.1999998,
,,,124.9999186E-6,10.4000006,
,,,125.9999117E-6,10.1999998,
,,,126.9999193E-6,10.1999998,
,,,127.9999124E-6,10.1999998,
,,,128.9999200E-6,10.1999998,
,,,129.9999130E-6,10.1999998,
,,,130.9999207E-6,10.1999998,
,,,131.9999137E-6,10.1999998,
,,,132.9999213E-6,10.1999998,
,,,133.9999144E-6,10.1999998,
,,,134.9999220E-6,10.4000006,
,,,135.9999151E-6,10.1999998,
,,,136.9999227E-6,10.1999998,
,,,137.9999158E-6,10.4000006,
,,,138.9999234E-6,10.4000006,
,,,139.9999164E-6,10.4000006,
,,,140.9999240E-6,10.4000006,
,,,141.9999171E-6,10.4000006,
,,,142.9999247E-6,10.4000006,
,,,143.9999178E-6,10.4000006,
,,,144.9999108E-6,10.4000006,
,,,145.9999185E-6,10.4000006,
,,,146.9999115E-6,10.4000006,
,,,147.9999191E-6,10.4000006,
,,,148.99991220E-6,10.4000006,
,,,149.99991981E-6,10.4000006,
,,,150.99991288E-6,10.4000006,
,,,151.99992049E-6,10.4000006,
,,,152.99991355E-6,10.4000006,
,,,153.99992117E-6,10.4000006,
,,,154.99991423E-6,10.4000006,
,,,155.99992184E-6,10.4000006,
,,,156.99991491E-6,10.4000006,
,,,157.99992252E-6,10.4000006,
,,,158.99991558E-6,10.4000006,
,,,159.99992320E-6,10.4000006,
,,,160.99991626E-6,10.4000006,
,,,161.99992388E-6,10.4000006,
,,,162.99991694E-6,10.4000006,
,,,163.99992455E-6,10.4000006,
,,,164.99991762E-6,10.4000006,
,,,165.99992523E-6,10.4000006,
,,,166.99991829E-6,10.6000004,
,,,167.99991135E-6,10.4000006,
,,,168.99991897E-6,10.4000006,
,,,169.99991203E-6,10.6000004,
,,,170.99991965E-6,10.4000006,
,,,171.99991271E-6,10.4000006,
,,,172.99992032E-6,10.4000006,
,,,173.99991339E-6,10.4000006,
,,,174.99992100E-6,10.6000004,
,,,175.99991406E-6,10.4000006,
,,,176.99992168E-6,10.6000004,
,,,177.99991474E-6,10.4000006,
,,,178.99992235E-6,10.6000004,
,,,179.99991542E-6,10.4000006,
,,,180.99992303E-6,10.6000004,
,,,181.99991609E-6,10.4000006,
,,,182.99992371E-6,10.4000006,
,,,183.99991677E-6,10.4000006,
,,,184.99992439E-6,10.4000006,
,,,185.99991745E-6,10.6000004,
,,,186.99992506E-6,10.6000004,
,,,187.99991813E-6,10.6000004,
,,,188.99991119E-6,10.4000006,
,,,189.99991880E-6,10.6000004,
,,,190.99991187E-6,10.6000004,
,,,191.99991948E-6,10.4000006,
,,,192.99991254E-6,10.6000004,
,,,193.99992016E-6,10.6000004,
,,,194.99991322E-6,10.6000004,
,,,195.99992083E-6,10.6000004,
,,,196.99991390E-6,10.4000006,
,,,197.99992151E-6,10.6000004,
,,,198.99991457E-6,10.6000004,
,,,199.99992219E-6,10.4000006,
,,,200.99991525E-6,10.6000004,
,,,201.99992287E-6,10.6000004,
,,,202.99991593E-6,10.4000006,
,,,203.99992354E-6,10.4000006,
,,,204.99991660E-6,10.6000004,
,,,205.99992422E-6,10.6000004,
,,,206.99991728E-6,10.6000004,
,,,207.99992490E-6,10.6000004,
,,,208.99991796E-6,10.4000006,
,,,209.99991102E-6,10.4000006,
,,,210.99991864E-6,10.6000004,
,,,211.99991170E-6,10.6000004,
,,,212.99991931E-6,10.6000004,
,,,213.99991238E-6,10.6000004,
,,,214.99991999E-6,10.6000004,
,,,215.99991305E-6,10.6000004,
,,,216.99992067E-6,10.6000004,
,,,217.99991373E-6,10.4000006,
,,,218.99992134E-6,10.6000004,
,,,219.99991441E-6,10.4000006,
,,,220.99992202E-6,10.6000004,
,,,221.99991508E-6,10.4000006,
,,,222.99992270E-6,10.4000006,
,,,223.99991576E-6,10.6000004,
,,,224.99992338E-6,10.6000004,
,,,225.99991644E-6,10.6000004,
,,,226.99992405E-6,10.6000004,
,,,227.99991712E-6,10.6000004,
,,,228.99992473E-6,10.4000006,
,,,229.99991779E-6,10.6000004,
,,,230.99991085E-6,10.4000006,
,,,231.99991847E-6,10.4000006,
,,,232.99991153E-6,10.4000006,
,,,233.99991915E-6,10.6000004,
,,,234.99991221E-6,10.6000004,
,,,235.99991982E-6,10.6000004,
,,,236.99991289E-6,10.4000006,
,,,237.99992050E-6,10.4000006,
,,,238.99991356E-6,10.4000006,
,,,239.99992118E-6,10.4000006,
,,,240.99991424E-6,10.4000006,
,,,241.99992185E-6,10.4000006,
,,,242.99991492E-6,10.6000004,
,,,243.99992253E-6,10.4000006,
,,,244.99991559E-6,10.4000006,
,,,245.99992321E-6,10.4000006,
,,,246.99993082E-6,10.4000006,
,,,247.99990933E-6,10.6000004,
,,,248.99991695E-6,10.4000006,
,,,249.99992456E-6,10.4000006,
,,,250.99993218E-6,10.4000006,
,,,251.99991069E-6,10.4000006,
,,,252.99991830E-6,10.4000006,
,,,253.99992592E-6,10.4000006,
,,,254.99990443E-6,10.4000006,
,,,255.99991204E-6,10.4000006,
,,,256.99991966E-6,10.4000006,
,,,257.99992727E-6,10.4000006,
,,,258.99990578E-6,10.4000006,
,,,259.99991340E-6,10.4000006,
,,,260.99992101E-6,10.4000006,
,,,261.99992863E-6,10.4000006,
,,,262.99990714E-6,10.4000006,
,,,263.99991475E-6,10.4000006,
,,,264.99992236E-6,10.4000006,
,,,265.99992998E-6,10.4000006,
,,,266.99990849E-6,10.4000006,
,,,267.99991610E-6,10.4000006,
,,,268.99992372E-6,10.4000006,
,,,269.99993133E-6,10.4000006,
,,,270.99990984E-6,10.4000006,
,,,271.99991746E-6,10.1999998,
,,,272.99992507E-6,10.4000006,
,,,273.99990358E-6,10.4000006,
,,,274.99991120E-6,10.4000006,
,,,275.99991881E-6,10.1999998,
,,,276.99992643E-6,10.1999998,
,,,277.99990494E-6,10.4000006,
,,,278.99991255E-6,10.4000006,
,,,279.99992017E-6,10.1999998,
,,,280.99992778E-6,10.4000006,
,,,281.99990629E-6,10.1999998,
,,,282.99991391E-6,10.1999998,
,,,283.99992152E-6,10.1999998,
,,,284.99992914E-6,10.1999998,
,,,285.99990765E-6,10.4000006,
,,,286.99991526E-6,10.1999998,
,,,287.99992288E-6,10.1999998,
,,,288.99993049E-6,10.1999998,
,,,289.99990900E-6,10.1999998,
,,,290.99991661E-6,10.1999998,
,,,291.99992423E-6,10.1999998,
,,,292.99993184E-6,10.1999998,
,,,293.99991035E-6,10.1999998,
,,,294.99991797E-6,10.1999998,
,,,295.99992558E-6,10.0000000,
,,,296.99990409E-6,10.1999998,
,,,297.99991171E-6,10.1999998,
,,,298.99991932E-6,10.0000000,
,,,299.99992694E-6,10.0000000,
,,,300.99990545E-6,10.1999998,
,,,301.99991306E-6,10.0000000,
,,,302.99992068E-6,10.0000000,
,,,303.99992829E-6,10.0000000,
,,,304.99990680E-6,10.0000000,
,,,305.99991442E-6,10.0000000,
,,,306.99992203E-6,10.0000000,
,,,307.99992965E-6,10.0000000,
,,,308.99990816E-6,10.0000000,
,,,309.99991577E-6,10.0000000,
,,,310.99992339E-6,10.0000000,
,,,311.99993100E-6,10.0000000,
,,,312.99990951E-6,10.0000000,
,,,313.99991713E-6,10.0000000,
,,,314.99992474E-6,10.0000000,
,,,315.99990325E-6,10.0000000,
,,,316.99991086E-6,10.0000000,
,,,317.99991848E-6,10.0000000,
,,,318.99992609E-6,10.0000000,
,,,319.99990460E-6,9.800000191,
,,,320.99991222E-6,9.800000191,
,,,321.99991983E-6,9.800000191,
,,,322.99992745E-6,9.800000191,
,,,323.99990596E-6,9.800000191,
,,,324.99991357E-6,9.800000191,
,,,325.99992119E-6,9.800000191,
,,,326.99992880E-6,9.800000191,
,,,327.99990731E-6,9.800000191,
,,,328.99991493E-6,9.800000191,
,,,329.99992254E-6,9.800000191,
,,,330.99993016E-6,9.800000191,
,,,331.99990867E-6,9.800000191,
,,,332.99991628E-6,9.800000191,
,,,333.99992390E-6,9.800000191,
,,,334.99993151E-6,9.800000191,
,,,335.99991002E-6,9.600000381,
,,,336.99991764E-6,9.600000381,
,,,337.99992525E-6,9.600000381,
,,,338.99990376E-6,9.600000381,
,,,339.99991138E-6,9.600000381,
,,,340.99991899E-6,9.600000381,
,,,341.99992660E-6,9.600000381,
,,,342.99990511E-6,9.600000381,
,,,343.99991273E-6,9.600000381,
,,,344.99992034E-6,9.600000381,
,,,345.99992796E-6,9.600000381,
,,,346.99990647E-6,9.600000381,
,,,347.99991408E-6,9.600000381,
,,,348.99992170E-6,9.400000572,
,,,349.99992931E-6,9.400000572,
,,,350.99990782E-6,9.400000572,
,,,351.99991544E-6,9.400000572,
,,,352.99992305E-6,9.400000572,
,,,353.99993067E-6,9.400000572,
,,,354.99990918E-6,9.400000572,
,,,355.99991679E-6,9.400000572,
,,,356.99992441E-6,9.400000572,
,,,357.99993202E-6,9.400000572,
,,,358.99991053E-6,9.400000572,
,,,359.99991815E-6,9.400000572,
,,,360.99992576E-6,9.400000572,
,,,361.99990427E-6,9.400000572,
,,,362.99991189E-6,9.199999809,
,,,363.99991950E-6,9.199999809,
,,,364.99992711E-6,9.199999809,
,,,365.99990563E-6,9.199999809,
,,,366.99991324E-6,9.199999809,
,,,367.99992085E-6,9.199999809,
,,,368.99992847E-6,9.199999809,
,,,369.99990698E-6,9.199999809,
,,,370.99991459E-6,9.199999809,
,,,371.99992221E-6,9.199999809,
,,,372.99992982E-6,9.199999809,
,,,373.99990833E-6,9.199999809,
,,,374.99991595E-6,9.199999809,
,,,375.99992356E-6,9.199999809,
,,,376.99993118E-6,9.199999809,
,,,377.99990969E-6,9.000000000,
,,,378.99991730E-6,9.000000000,
,,,379.99992492E-6,9.199999809,
,,,380.99990343E-6,9.000000000,
,,,381.99991104E-6,9.000000000,
,,,382.99991866E-6,9.000000000,
,,,383.99992627E-6,9.000000000,
,,,384.99990478E-6,9.000000000,
,,,385.99991240E-6,9.000000000,
,,,386.99992001E-6,9.000000000,
,,,387.99992763E-6,9.000000000,
,,,388.99990614E-6,9.000000000,
,,,389.99991375E-6,9.000000000,
,,,390.99992136E-6,9.000000000,
,,,391.99992898E-6,9.000000000,
,,,392.99990749E-6,8.800000191,
,,,393.99991510E-6,8.800000191,
,,,394.99992272E-6,8.800000191,
,,,395.99993033E-6,8.800000191,
,,,396.99990884E-6,8.800000191,
,,,397.99991646E-6,8.800000191,
,,,398.99992407E-6,8.600000381,
,,,399.99993169E-6,8.800000191,
,,,400.99991020E-6,8.800000191,
,,,401.99991781E-6,8.800000191,
,,,402.99992543E-6,8.800000191,
,,,403.999903938E-6,8.600000381,
,,,404.999911552E-6,8.600000381,
,,,405.999919167E-6,8.600000381,
,,,406.999926781E-6,8.600000381,
,,,407.999905292E-6,8.600000381,
,,,408.999912906E-6,8.600000381,
,,,409.999920521E-6,8.600000381,
,,,410.999928135E-6,8.600000381,
,,,411.999906646E-6,8.400000572,
,,,412.999914261E-6,8.600000381,
,,,413.999921875E-6,8.600000381,
,,,414.999929490E-6,8.400000572,
,,,415.999908000E-6,8.600000381,
,,,416.999915615E-6,8.600000381,
,,,417.999923229E-6,8.400000572,
,,,418.999930844E-6,8.400000572,
,,,419.999909354E-6,8.400000572,
,,,420.999916969E-6,8.400000572,
,,,421.999924583E-6,8.400000572,
,,,422.999903094E-6,8.400000572,
,,,423.999910709E-6,8.400000572,
,,,424.999918323E-6,8.400000572,
,,,425.999925938E-6,8.400000572,
,,,426.999904448E-6,8.400000572,
,,,427.999912063E-6,8.400000572,
,,,428.999919677E-6,8.400000572,
,,,429.999927292E-6,8.199999809,
,,,430.999905802E-6,8.199999809,
,,,431.999913417E-6,8.199999809,
,,,432.999921031E-6,8.199999809,
,,,433.999928646E-6,8.199999809,
,,,434.999907156E-6,8.199999809,
,,,435.999914771E-6,8.000000000,
,,,436.999922385E-6,8.000000000,
,,,437.999930000E-6,8.000000000,
,,,438.999908511E-6,8.000000000,
,,,439.999916125E-6,8.000000000,
,,,440.999923740E-6,8.000000000,
,,,441.999931354E-6,8.000000000,
,,,442.999909865E-6,8.000000000,
,,,443.999917479E-6,8.000000000,
,,,444.999925094E-6,8.000000000,
,,,445.999903604E-6,8.000000000,
,,,446.999911219E-6,8.000000000,
,,,447.999918833E-6,7.800000191,
,,,448.999926448E-6,7.800000191,
,,,449.999904959E-6,7.800000191,
,,,450.999912573E-6,7.800000191,
,,,451.999920188E-6,7.800000191,
,,,452.999927802E-6,7.800000191,
,,,453.999906313E-6,7.800000191,
,,,454.999913927E-6,7.800000191,
,,,455.999921542E-6,7.800000191,
,,,456.999929156E-6,7.800000191,
,,,457.999907667E-6,7.800000191,
,,,458.999915281E-6,7.599999905,
,,,459.999922896E-6,7.599999905,
,,,460.999930510E-6,7.599999905,
,,,461.999909021E-6,7.599999905,
,,,462.999916635E-6,7.599999905,
,,,463.999924250E-6,7.599999905,
,,,464.999902761E-6,7.599999905,
,,,465.999910375E-6,7.599999905,
,,,466.999917990E-6,7.400000095,
,,,467.999925604E-6,7.599999905,
,,,468.999904115E-6,7.400000095,
,,,469.999911729E-6,7.599999905,
,,,470.999919344E-6,7.400000095,
,,,471.999926958E-6,7.400000095,
,,,472.999905469E-6,7.400000095,
,,,473.999913083E-6,7.400000095,
,,,474.999920698E-6,7.400000095,
,,,475.999928312E-6,7.400000095,
,,,476.999906823E-6,7.20000029,
,,,477.999914438E-6,7.20000029,
,,,478.999922052E-6,7.20000029,
,,,479.999929667E-6,7.400000095,
,,,480.999908177E-6,7.20000029,
,,,481.999915792E-6,7.20000029,
,,,482.999923406E-6,7.20000029,
,,,483.999931021E-6,7.20000029,
,,,484.999909531E-6,7.20000029,
,,,485.999917146E-6,7.20000029,
,,,486.999924760E-6,7.20000029,
,,,487.999903271E-6,7.00000000,
,,,488.999939989E-6,7.20000029,
,,,489.999889396E-6,7.20000029,
,,,490.999897011E-6,7.00000000,
,,,491.999904625E-6,7.00000000,
,,,492.999912240E-6,7.00000000,
,,,493.999919854E-6,7.00000000,
,,,494.999927469E-6,7.00000000,
,,,495.999935083E-6,7.00000000,
,,,496.999942698E-6,7.00000000,
,,,497.999892104E-6,7.00000000,
,,,498.999899719E-6,6.80000019,
,,,499.999907333E-6,6.80000019,
,,,500.999914948E-6,7.00000000,
,,,501.999922562E-6,6.80000019,
,,,502.999930177E-6,6.80000019,
,,,503.999937791E-6,7.00000000,
,,,504.999945406E-6,6.80000019,
,,,505.999894813E-6,6.80000019,
,,,506.999902427E-6,6.80000019,
,,,507.999910042E-6,6.80000019,
,,,508.999917656E-6,6.80000019,
,,,509.999925271E-6,6.80000019,
,,,510.999932885E-6,6.59999990,
,,,511.999940500E-6,6.59999990,
,,,512.999889906E-6,6.59999990,
,,,513.999897521E-6,6.59999990,
,,,514.999905135E-6,6.59999990,
,,,515.999912750E-6,6.59999990,
,,,516.999920364E-6,6.59999990,
,,,517.999927979E-6,6.59999990,
,,,518.999935593E-6,6.59999990,
,,,519.999943208E-6,6.59999990,
,,,520.999892615E-6,6.59999990,
,,,521.999900229E-6,6.59999990,
,,,522.999907844E-6,6.40000010,
,,,523.999915458E-6,6.59999990,
,,,524.999923073E-6,6.40000010,
,,,525.999930687E-6,6.40000010,
,,,526.999938302E-6,6.40000010,
,,,527.999945916E-6,6.40000010,
,,,528.999895323E-6,6.40000010,
,,,529.999902938E-6,6.40000010,
,,,530.999910552E-6,6.40000010,
,,,531.999918167E-6,6.40000010,
,,,532.999925781E-6,6.20000029,
,,,533.999933396E-6,6.40000010,
,,,534.999941010E-6,6.40000010,
,,,535.999890417E-6,6.40000010,
,,,536.999898031E-6,6.20000029,
,,,537.999905646E-6,6.20000029,
,,,538.999913260E-6,6.20000029,
,,,539.999920875E-6,6.20000029,
,,,540.999928489E-6,6.20000029,
,,,541.999936104E-6,6.20000029,
,,,542.999943718E-6,6.20000029,
,,,543.999893125E-6,6.20000029,
,,,544.999900740E-6,6.20000029,
,,,545.999908354E-6,6.20000029,
,,,546.999915969E-6,6.20000029,
,,,547.999923583E-6,6.00000000,
,,,548.999931198E-6,6.00000000,
,,,549.999938812E-6,6.00000000,
,,,550.999888219E-6,6.00000000,
,,,551.999895833E-6,6.00000000,
,,,552.999903448E-6,6.00000000,
,,,553.999911062E-6,6.00000000,
,,,554.999918677E-6,6.00000000,
,,,555.999926291E-6,6.00000000,
,,,556.999933906E-6,6.00000000,
,,,557.999941520E-6,6.00000000,
,,,558.999890927E-6,5.80000019,
,,,559.999898542E-6,6.00000000,
,,,560.999906156E-6,6.00000000,
,,,561.999913771E-6,5.80000019,
,,,562.999921385E-6,5.80000019,
,,,563.999929000E-6,5.80000019,
,,,564.999936614E-6,5.80000019,
,,,565.999944229E-6,5.80000019,
,,,566.999893636E-6,5.80000019,
,,,567.999901250E-6,5.80000019,
,,,568.999908864E-6,5.80000019,
,,,569.999916479E-6,5.80000019,
,,,570.999924093E-6,5.80000019,
,,,571.999931708E-6,5.80000019,
,,,572.999939322E-6,5.80000019,
,,,573.999888729E-6,5.80000019,
,,,574.999896344E-6,5.80000019,
,,,575.999903958E-6,5.59999990,
,,,576.999911573E-6,5.59999990,
,,,577.999919187E-6,5.59999990,
,,,578.999926802E-6,5.59999990,
,,,579.999934416E-6,5.59999990,
,,,580.999942031E-6,5.59999990,
,,,581.999891438E-6,5.59999990,
,,,582.999899052E-6,5.59999990,
,,,583.999906667E-6,5.59999990,
,,,584.999914281E-6,5.59999990,
,,,585.999921896E-6,5.59999990,
,,,586.999929510E-6,5.40000010,
,,,587.999937125E-6,5.40000010,
,,,588.999944739E-6,5.40000010,
,,,589.999894146E-6,5.59999990,
,,,590.999901760E-6,5.40000010,
,,,591.999909375E-6,5.40000010,
,,,592.999916989E-6,5.40000010,
,,,593.999924604E-6,5.40000010,
,,,594.999932218E-6,5.40000010,
,,,595.999939833E-6,5.40000010,
,,,596.999889240E-6,5.40000010,
,,,597.999896854E-6,5.40000010,
,,,598.999904469E-6,5.40000010,
,,,599.999912083E-6,5.40000010,
,,,600.999919698E-6,5.40000010,
,,,601.999927312E-6,5.40000010,
,,,602.999934927E-6,5.40000010,
,,,603.999942541E-6,5.40000010,
,,,604.999891948E-6,5.20000029,
,,,605.999899562E-6,5.20000029,
,,,606.999907177E-6,5.20000029,
,,,607.999914791E-6,5.20000029,
,,,608.999922406E-6,5.20000029,
,,,609.999930020E-6,5.20000029,
,,,610.999937635E-6,5.20000029,
,,,611.999945249E-6,5.20000029,
,,,612.999894656E-6,5.20000029,
,,,613.999902271E-6,5.20000029,
,,,614.999909885E-6,5.20000029,
,,,615.999917500E-6,5.20000029,
,,,616.999925114E-6,5.20000029,
,,,617.999932729E-6,5.20000029,
,,,618.999940343E-6,5.20000029,
,,,619.999889750E-6,5.20000029,
,,,620.999897365E-6,5.20000029,
,,,621.999904979E-6,5.20000029,
,,,622.999912594E-6,5.20000029,
,,,623.999920208E-6,5.20000029,
,,,624.999927823E-6,5.00000000,
,,,625.999935437E-6,5.00000000,
,,,626.999943051E-6,5.20000029,
,,,627.999892458E-6,5.00000000,
,,,628.999900073E-6,5.20000029,
,,,629.999907687E-6,5.00000000,
,,,630.999915302E-6,5.20000029,
,,,631.999922916E-6,5.00000000,
,,,632.999930531E-6,5.00000000,
,,,633.999938145E-6,5.00000000,
,,,634.999945760E-6,5.00000000,
,,,635.999895167E-6,5.00000000,
,,,636.999902781E-6,5.00000000,
,,,637.999910396E-6,5.00000000,
,,,638.999918010E-6,5.00000000,
,,,639.999925625E-6,5.00000000,
,,,640.999933239E-6,5.00000000,
,,,641.999940854E-6,5.00000000,
,,,642.999890260E-6,5.00000000,
,,,643.999897875E-6,5.00000000,
,,,644.999905489E-6,5.00000000,
,,,645.999913104E-6,5.00000000,
,,,646.999920718E-6,5.00000000,
,,,647.999928333E-6,5.00000000,
,,,648.999935947E-6,4.80000019,
,,,649.999943562E-6,4.80000019,
,,,650.999892969E-6,4.80000019,
,,,651.999900583E-6,5.00000000,
,,,652.999908198E-6,5.00000000,
,,,653.999915812E-6,4.80000019,
,,,654.999923427E-6,4.80000019,
,,,655.999931041E-6,4.80000019,
,,,656.999938656E-6,4.80000019,
,,,657.999888062E-6,4.80000019,
,,,658.999895677E-6,5.00000000,
,,,659.999903291E-6,4.80000019,
,,,660.999910906E-6,4.80000019,
,,,661.999918520E-6,4.80000019,
,,,662.999926135E-6,4.80000019,
,,,663.999933749E-6,4.80000019,
,,,664.999941364E-6,4.80000019,
,,,665.999890771E-6,4.80000019,
,,,666.999898385E-6,4.80000019,
,,,667.999906000E-6,4.80000019,
,,,668.999913614E-6,4.80000019,
,,,669.999921229E-6,4.80000019,
,,,670.999928843E-6,4.80000019,
,,,671.999936458E-6,4.80000019,
,,,672.999944072E-6,4.80000019,
,,,673.999893479E-6,4.80000019,
,,,674.999901094E-6,4.80000019,
,,,675.999908708E-6,4.80000019,
,,,676.999916323E-6,4.80000019,
,,,677.999923937E-6,4.80000019,
,,,678.999931552E-6,4.80000019,
,,,679.999939166E-6,4.80000019,
,,,680.999888573E-6,4.80000019,
,,,681.999896187E-6,4.80000019,
,,,682.999903802E-6,4.80000019,
,,,683.999911416E-6,4.80000019,
,,,684.999919031E-6,4.80000019,
,,,685.999926645E-6,4.80000019,
,,,686.999934260E-6,4.80000019,
,,,687.999941874E-6,4.80000019,
,,,688.999891281E-6,4.80000019,
,,,689.999898896E-6,4.80000019,
,,,690.999906510E-6,4.80000019,
,,,691.999914125E-6,4.80000019,
,,,692.999921739E-6,4.80000019,
,,,693.999929354E-6,4.80000019,
,,,694.999936968E-6,4.80000019,
,,,695.999944583E-6,4.59999990,
,,,696.999893989E-6,4.80000019,
,,,697.999901604E-6,4.80000019,
,,,698.999909218E-6,4.80000019,
,,,699.999916833E-6,4.59999990,
,,,700.999924447E-6,4.80000019,
,,,701.999932062E-6,4.59999990,
,,,702.999939676E-6,4.80000019,
,,,703.999889083E-6,4.80000019,
,,,704.999896698E-6,4.80000019,
,,,705.999904312E-6,4.80000019,
,,,706.999911927E-6,4.80000019,
,,,707.999919541E-6,4.80000019,
,,,708.999927156E-6,4.80000019,
,,,709.999934770E-6,4.80000019,
,,,710.999942385E-6,4.59999990,
,,,711.999891791E-6,4.59999990,
,,,712.999899406E-6,4.80000019,
,,,713.999907020E-6,4.80000019,
,,,714.999914635E-6,4.80000019,
,,,715.999922249E-6,4.59999990,
,,,716.999929864E-6,4.80000019,
,,,717.999937478E-6,4.80000019,
,,,718.999945093E-6,4.80000019,
,,,719.999894500E-6,4.80000019,
,,,720.999902114E-6,4.80000019,
,,,721.999909729E-6,4.80000019,
,,,722.999917343E-6,4.80000019,
,,,723.999924958E-6,4.80000019,
,,,724.999932572E-6,4.80000019,
,,,725.999940187E-6,4.80000019,
,,,726.999889594E-6,4.80000019,
,,,727.999897208E-6,4.80000019,
,,,728.999904823E-6,4.80000019,
,,,729.999912437E-6,4.80000019,
,,,730.999920052E-6,4.80000019,
,,,731.999927666E-6,4.80000019,
,,,732.999935281E-6,4.80000019,
,,,733.999942895E-6,4.80000019,
,,,734.999892302E-6,4.80000019,
,,,735.999899916E-6,4.80000019,
,,,736.999907531E-6,4.80000019,
,,,737.999915145E-6,4.80000019,
,,,738.999922760E-6,4.80000019,
,,,739.999930374E-6,4.80000019,
,,,740.999937989E-6,5.00000000,
,,,741.999945603E-6,4.80000019,
,,,742.999895010E-6,5.00000000,
,,,743.999902625E-6,4.80000019,
,,,744.999910239E-6,4.80000019,
,,,745.999917854E-6,4.80000019,
,,,746.999925468E-6,4.80000019,
,,,747.999933083E-6,4.80000019,
,,,748.999940697E-6,5.00000000,
,,,749.999890104E-6,4.80000019,
,,,750.999897718E-6,5.00000000,
,,,751.999905333E-6,4.80000019,
,,,752.999912947E-6,5.00000000,
,,,753.999920562E-6,4.80000019,
,,,754.999928176E-6,4.80000019,
,,,755.999935791E-6,4.80000019,
,,,756.999943405E-6,5.00000000,
,,,757.999892812E-6,5.00000000,
,,,758.999900427E-6,4.80000019,
,,,759.999908041E-6,5.00000000,
,,,760.999915656E-6,4.80000019,
,,,761.999923270E-6,5.00000000,
,,,762.999930885E-6,5.00000000,
,,,763.999938499E-6,5.00000000,
,,,764.999887906E-6,5.00000000,
,,,765.999895521E-6,5.00000000,
,,,766.999903135E-6,5.00000000,
,,,767.999910749E-6,5.00000000,
,,,768.999918364E-6,5.00000000,
,,,769.999925978E-6,5.00000000,
,,,770.999933593E-6,5.00000000,
,,,771.999941207E-6,5.00000000,
,,,772.999890614E-6,5.00000000,
,,,773.999898229E-6,5.00000000,
,,,774.999905843E-6,5.00000000,
,,,775.999913458E-6,5.00000000,
,,,776.999921072E-6,5.00000000,
,,,777.999928687E-6,5.00000000,
,,,778.999936301E-6,5.00000000,
,,,779.999943916E-6,5.20000029,
,,,780.999893323E-6,5.20000029,
,,,781.999900937E-6,5.00000000,
,,,782.999908552E-6,5.00000000,
,,,783.999916166E-6,5.20000029,
,,,784.999923781E-6,5.00000000,
,,,785.999931395E-6,5.20000029,
,,,786.999939010E-6,5.20000029,
,,,787.999888416E-6,5.20000029,
,,,788.999896031E-6,5.00000000,
,,,789.999903645E-6,5.20000029,
,,,790.999911260E-6,5.20000029,
,,,791.999918874E-6,5.20000029,
,,,792.999926489E-6,5.20000029,
,,,793.999934103E-6,5.20000029,
,,,794.999941718E-6,5.20000029,
,,,795.999891125E-6,5.40000010,
,,,796.999898739E-6,5.20000029,
,,,797.999906354E-6,5.20000029,
,,,798.999913968E-6,5.20000029,
,,,799.999921583E-6,5.20000029,
,,,800.999929197E-6,5.40000010,
,,,801.999936812E-6,5.40000010,
,,,802.999944426E-6,5.20000029,
,,,803.999893833E-6,5.20000029,
,,,804.999901447E-6,5.40000010,
,,,805.999909062E-6,5.40000010,
,,,806.999916676E-6,5.40000010,
,,,807.999924291E-6,5.40000010,
,,,808.999931905E-6,5.40000010,
,,,809.999939520E-6,5.40000010,
,,,810.999888927E-6,5.40000010,
,,,811.999896541E-6,5.40000010,
,,,812.999904156E-6,5.40000010,
,,,813.999911770E-6,5.40000010,
,,,814.999919385E-6,5.40000010,
,,,815.999926999E-6,5.40000010,
,,,816.999934614E-6,5.40000010,
,,,817.999942228E-6,5.59999990,
,,,818.999891635E-6,5.40000010,
,,,819.999899250E-6,5.59999990,
,,,820.999906864E-6,5.59999990,
,,,821.999914479E-6,5.59999990,
,,,822.999922093E-6,5.59999990,
,,,823.999929707E-6,5.59999990,
,,,824.999937322E-6,5.59999990,
,,,825.999944936E-6,5.59999990,
,,,826.999894343E-6,5.59999990,
,,,827.999901958E-6,5.59999990,
,,,828.999909572E-6,5.59999990,
,,,829.999917187E-6,5.59999990,
,,,830.999924801E-6,5.59999990,
,,,831.999932416E-6,5.80000019,
,,,832.999940030E-6,5.80000019,
,,,833.999889437E-6,5.59999990,
,,,834.999897052E-6,5.59999990,
,,,835.999904666E-6,5.80000019,
,,,836.999912281E-6,5.80000019,
,,,837.999919895E-6,5.80000019,
,,,838.999927510E-6,5.80000019,
,,,839.999935124E-6,5.80000019,
,,,840.999942739E-6,5.80000019,
,,,841.999892145E-6,5.80000019,
,,,842.999899760E-6,5.80000019,
,,,843.999907374E-6,5.80000019,
,,,844.999914989E-6,5.80000019,
,,,845.999922603E-6,5.80000019,
,,,846.999930218E-6,6.00000000,
,,,847.999937832E-6,5.80000019,
,,,848.999887239E-6,6.00000000,
,,,849.999894854E-6,6.00000000,
,,,850.999902468E-6,6.00000000,
,,,851.999910083E-6,6.00000000,
,,,852.999917697E-6,6.00000000,
,,,853.999925312E-6,6.00000000,
,,,854.999932926E-6,6.00000000,
,,,855.999940541E-6,6.00000000,
,,,856.999889947E-6,6.00000000,
,,,857.999897562E-6,6.00000000,
,,,858.999905176E-6,6.00000000,
,,,859.999912791E-6,6.20000029,
,,,860.999920405E-6,6.00000000,
,,,861.999928020E-6,6.20000029,
,,,862.999935634E-6,6.20000029,
,,,863.999943249E-6,6.20000029,
,,,864.999892656E-6,6.20000029,
,,,865.999900270E-6,6.20000029,
,,,866.999907885E-6,6.20000029,
,,,867.999915499E-6,6.20000029,
,,,868.999923114E-6,6.20000029,
,,,869.999930728E-6,6.40000010,
,,,870.999938343E-6,6.20000029,
,,,871.999887750E-6,6.40000010,
,,,872.999895364E-6,6.40000010,
,,,873.999902979E-6,6.40000010,
,,,874.999910593E-6,6.20000029,
,,,875.999918208E-6,6.40000010,
,,,876.999925822E-6,6.40000010,
,,,877.999933437E-6,6.40000010,
,,,878.999941051E-6,6.40000010,
,,,879.999890458E-6,6.40000010,
,,,880.999898072E-6,6.40000010,
,,,881.999905687E-6,6.40000010,
,,,882.999913301E-6,6.59999990,
,,,883.999920916E-6,6.59999990,
,,,884.999928530E-6,6.59999990,
,,,885.999936145E-6,6.59999990,
,,,886.999943759E-6,6.59999990,
,,,887.999893166E-6,6.59999990,
,,,888.999900781E-6,6.59999990,
,,,889.999908395E-6,6.59999990,
,,,890.999916010E-6,6.59999990,
,,,891.999923624E-6,6.59999990,
,,,892.999931239E-6,6.59999990,
,,,893.999938853E-6,6.59999990,
,,,894.999888260E-6,6.59999990,
,,,895.999895874E-6,6.80000019,
,,,896.999903489E-6,6.80000019,
,,,897.999911103E-6,6.80000019,
,,,898.999918718E-6,6.80000019,
,,,899.999926332E-6,6.80000019,
,,,900.999933947E-6,6.80000019,
,,,901.999941561E-6,6.80000019,
,,,902.999890968E-6,6.80000019,
,,,903.999898583E-6,6.80000019,
,,,904.999906197E-6,6.80000019,
,,,905.999913812E-6,6.80000019,
,,,906.999921426E-6,6.80000019,
,,,907.999929041E-6,6.80000019,
,,,908.999936655E-6,6.80000019,
,,,909.999944270E-6,7.00000000,
,,,910.999893676E-6,6.80000019,
,,,911.999901291E-6,7.00000000,
,,,912.999908905E-6,7.00000000,
,,,913.999916520E-6,7.00000000,
,,,914.999924134E-6,7.00000000,
,,,915.999931749E-6,7.00000000,
,,,916.999939363E-6,7.00000000,
,,,917.999888770E-6,7.20000029,
,,,918.999896385E-6,7.20000029,
,,,919.999903999E-6,7.20000029,
,,,920.999911614E-6,7.00000000,
,,,921.999919228E-6,7.00000000,
,,,922.999926843E-6,7.20000029,
,,,923.999934457E-6,7.20000029,
,,,924.999942072E-6,7.20000029,
,,,925.999891479E-6,7.20000029,
,,,926.999899093E-6,7.20000029,
,,,927.999906708E-6,7.400000095,
,,,928.999914322E-6,7.20000029,
,,,929.999921937E-6,7.20000029,
,,,930.999929551E-6,7.400000095,
,,,931.999937166E-6,7.400000095,
,,,932.999944780E-6,7.400000095,
,,,933.999894187E-6,7.400000095,
,,,934.999901801E-6,7.400000095,
,,,935.999909416E-6,7.400000095,
,,,936.999917030E-6,7.400000095,
,,,937.999924645E-6,7.400000095,
,,,938.999932259E-6,7.400000095,
,,,939.999939874E-6,7.400000095,
,,,940.999889281E-6,7.599999905,
,,,941.999896895E-6,7.599999905,
,,,942.999904510E-6,7.599999905,
,,,943.999912124E-6,7.599999905,
,,,944.999919739E-6,7.599999905,
,,,945.999927353E-6,7.599999905,
,,,946.999934968E-6,7.599999905,
,,,947.999942582E-6,7.599999905,
,,,948.999891989E-6,7.599999905,
,,,949.999899603E-6,7.599999905,
,,,950.999907218E-6,7.800000191,
,,,951.999914832E-6,7.800000191,
,,,952.999922447E-6,7.800000191,
,,,953.999930061E-6,7.800000191,
,,,954.999937676E-6,7.800000191,
,,,955.999887083E-6,7.800000191,
,,,956.999894697E-6,7.800000191,
,,,957.999902312E-6,7.800000191,
,,,958.999909926E-6,7.800000191,
,,,959.999917541E-6,8.000000000,
,,,960.999925155E-6,7.800000191,
,,,961.999932770E-6,7.800000191,
,,,962.999940384E-6,8.000000000,
,,,963.999889791E-6,8.000000000,
,,,964.999897406E-6,8.000000000,
,,,965.999905020E-6,8.000000000,
,,,966.999912634E-6,8.000000000,
,,,967.999920249E-6,8.000000000,
,,,968.999927863E-6,8.000000000,
,,,969.999935478E-6,8.199999809,
,,,970.999943092E-6,8.000000000,
,,,971.999892499E-6,8.000000000,
,,,972.999900114E-6,8.199999809,
,,,973.999907728E-6,8.199999809,
,,,974.999915343E-6,8.199999809,
,,,975.999922957E-6,8.199999809,
,,,976.999872364E-6,8.199999809,
,,,977.999879979E-6,8.199999809,
,,,978.999887593E-6,8.199999809,
,,,979.999895208E-6,8.199999809,
,,,980.999902822E-6,8.199999809,
,,,981.999910437E-6,8.400000572,
,,,982.999918051E-6,8.400000572,
,,,983.999925666E-6,8.199999809,
,,,984.999933280E-6,8.400000572,
,,,985.999940895E-6,8.400000572,
,,,986.999948509E-6,8.400000572,
,,,987.999956124E-6,8.400000572,
,,,988.999963738E-6,8.400000572,
,,,989.999971353E-6,8.400000572,
,,,990.999862552E-6,8.400000572,
,,,991.999870166E-6,8.400000572,
,,,992.999877781E-6,8.400000572,
,,,993.999885395E-6,8.600000381,
,,,994.999893010E-6,8.600000381,
,,,995.999900624E-6,8.600000381,
,,,996.999908239E-6,8.400000572,
,,,997.999915853E-6,8.600000381,
,,,998.999923468E-6,8.600000381,
,,,999.999931082E-6,8.600000381,
,,,1.0009999E-3,8.600000381,
,,,1.0019999E-3,8.600000381,
,,,1.0030000E-3,8.600000381,
,,,1.0040000E-3,8.600000381,
,,,1.0050000E-3,8.600000381,
,,,1.0059999E-3,8.600000381,
,,,1.0069999E-3,8.600000381,
,,,1.0079999E-3,8.800000191,
,,,1.0089999E-3,8.600000381,
,,,1.0099999E-3,8.800000191,
,,,1.0109999E-3,8.800000191,
,,,1.0119999E-3,8.800000191,
,,,1.0129999E-3,8.800000191,
,,,1.0139999E-3,8.800000191,
,,,1.0149999E-3,8.800000191,
,,,1.0159999E-3,8.800000191,
,,,1.0169999E-3,8.800000191,
,,,1.0180000E-3,8.800000191,
,,,1.0190000E-3,9.000000000,
,,,1.0200000E-3,9.000000000,
,,,1.0209999E-3,9.000000000,
,,,1.0219999E-3,9.000000000,
,,,1.0229999E-3,9.000000000,
,,,1.0239999E-3,9.000000000,
,,,1.0249999E-3,9.000000000,
,,,1.0259999E-3,9.000000000,
,,,1.0269999E-3,9.000000000,
,,,1.0279999E-3,9.000000000,
,,,1.0289999E-3,9.199999809,
,,,1.0299999E-3,9.199999809,
,,,1.0309999E-3,9.199999809,
,,,1.0319999E-3,9.000000000,
,,,1.0329999E-3,9.199999809,
,,,1.0340000E-3,9.199999809,
,,,1.0350000E-3,9.199999809,
,,,1.0360000E-3,9.199999809,
,,,1.0369999E-3,9.199999809,
,,,1.0379999E-3,9.199999809,
,,,1.0389999E-3,9.199999809,
,,,1.0399999E-3,9.199999809,
,,,1.0409999E-3,9.199999809,
,,,1.0419999E-3,9.199999809,
,,,1.0429999E-3,9.199999809,
,,,1.0439999E-3,9.199999809,
,,,1.0449999E-3,9.199999809,
,,,1.0459999E-3,9.199999809,
,,,1.0469999E-3,9.199999809,
,,,1.0479999E-3,9.400000572,
,,,1.0490000E-3,9.400000572,
,,,1.0500000E-3,9.199999809,
,,,1.0510000E-3,9.400000572,
,,,1.0519999E-3,9.400000572,
,,,1.0529999E-3,9.400000572,
,,,1.0539999E-3,9.400000572,
,,,1.0549999E-3,9.400000572,
,,,1.0559999E-3,9.400000572,
,,,1.0569999E-3,9.400000572,
,,,1.0579999E-3,9.600000381,
,,,1.0589999E-3,9.400000572,
,,,1.0599999E-3,9.400000572,
,,,1.0609999E-3,9.600000381,
,,,1.0619999E-3,9.600000381,
,,,1.0629999E-3,9.600000381,
,,,1.0640000E-3,9.600000381,
,,,1.0650000E-3,9.600000381,
,,,1.0660000E-3,9.600000381,
,,,1.0669999E-3,9.600000381,
,,,1.0679999E-3,9.600000381,
,,,1.0689999E-3,9.600000381,
,,,1.0699999E-3,9.800000191,
,,,1.0709999E-3,9.600000381,
,,,1.0719999E-3,9.600000381,
,,,1.0729999E-3,9.600000381,
,,,1.0739999E-3,9.600000381,
,,,1.0749999E-3,9.600000381,
,,,1.0759999E-3,9.600000381,
,,,1.0769999E-3,9.800000191,
,,,1.0779999E-3,9.800000191,
,,,1.0790000E-3,9.800000191,
,,,1.0800000E-3,9.800000191,
,,,1.0810000E-3,9.800000191,
,,,1.0820000E-3,9.800000191,
,,,1.0829999E-3,9.800000191,
,,,1.0839999E-3,9.800000191,
,,,1.0849999E-3,9.800000191,
,,,1.0859999E-3,9.800000191,
,,,1.0869999E-3,9.800000191,
,,,1.0879999E-3,9.800000191,
,,,1.0889999E-3,9.800000191,
,,,1.0899999E-3,9.800000191,
,,,1.0909999E-3,9.800000191,
,,,1.0919999E-3,9.800000191,
,,,1.0929999E-3,9.800000191,
,,,1.0939999E-3,9.800000191,
,,,1.0950000E-3,10.0000000,
,,,1.0960000E-3,10.0000000,
,,,1.0970000E-3,9.800000191,
,,,1.0979999E-3,10.0000000,
,,,1.0989999E-3,10.0000000,
,,,1.0999999E-3,10.0000000,
,,,1.1009999E-3,10.0000000,
,,,1.1019999E-3,10.0000000,
,,,1.1029999E-3,10.0000000,
,,,1.1039999E-3,10.1999998,
,,,1.1049999E-3,10.0000000,
,,,1.1059999E-3,10.0000000,
,,,1.1069999E-3,10.0000000,
,,,1.1079999E-3,10.0000000,
,,,1.1089999E-3,10.1999998,
,,,1.1100000E-3,10.0000000,
,,,1.1110000E-3,10.0000000,
,,,1.1120000E-3,10.0000000,
,,,1.1129999E-3,10.0000000,
,,,1.1139999E-3,10.1999998,
,,,1.1149999E-3,10.1999998,
,,,1.1159999E-3,10.1999998,
,,,1.1169999E-3,10.1999998,
,,,1.1179999E-3,10.1999998,
,,,1.1189999E-3,10.1999998,
,,,1.1199999E-3,10.1999998,
,,,1.1209999E-3,10.1999998,
,,,1.1219999E-3,10.1999998,
,,,1.1229999E-3,10.1999998,
,,,1.1239999E-3,10.1999998,
,,,1.1250000E-3,10.1999998,
,,,1.1260000E-3,10.1999998,
,,,1.1270000E-3,10.1999998,
,,,1.1279999E-3,10.4000006,
,,,1.1289999E-3,10.4000006,
,,,1.1299999E-3,10.1999998,
,,,1.1309999E-3,10.1999998,
,,,1.1319999E-3,10.4000006,
,,,1.1329999E-3,10.4000006,
,,,1.1339999E-3,10.4000006,
,,,1.1349999E-3,10.1999998,
,,,1.1359999E-3,10.4000006,
,,,1.1369999E-3,10.4000006,
,,,1.1379999E-3,10.4000006,
,,,1.1389999E-3,10.4000006,
,,,1.1399999E-3,10.4000006,
,,,1.1410000E-3,10.4000006,
,,,1.1420000E-3,10.4000006,
,,,1.1430000E-3,10.4000006,
,,,1.1439999E-3,10.4000006,
,,,1.1449999E-3,10.4000006,
,,,1.1459999E-3,10.4000006,
,,,1.1469999E-3,10.4000006,
,,,1.1479999E-3,10.4000006,
,,,1.1489999E-3,10.4000006,
,,,1.1499999E-3,10.4000006,
,,,1.1509999E-3,10.4000006,
,,,1.1519999E-3,10.4000006,
,,,1.1529999E-3,10.4000006,
,,,1.1539999E-3,10.4000006,
,,,1.1549999E-3,10.4000006,
,,,1.1560000E-3,10.4000006,
,,,1.1570000E-3,10.4000006,
,,,1.1580000E-3,10.4000006,
,,,1.1589999E-3,10.4000006,
,,,1.1599999E-3,10.4000006,
,,,1.1609999E-3,10.4000006,
,,,1.1619999E-3,10.4000006,
,,,1.1629999E-3,10.6000004,
,,,1.1639999E-3,10.4000006,
,,,1.1649999E-3,10.4000006,
,,,1.1659999E-3,10.4000006,
,,,1.1669999E-3,10.4000006,
,,,1.1679999E-3,10.4000006,
,,,1.1689999E-3,10.4000006,
,,,1.1699999E-3,10.4000006,
,,,1.1710000E-3,10.4000006,
,,,1.1720000E-3,10.4000006,
,,,1.1730000E-3,10.4000006,
,,,1.1739999E-3,10.4000006,
,,,1.1749999E-3,10.4000006,
,,,1.1759999E-3,10.4000006,
,,,1.1769999E-3,10.4000006,
,,,1.1779999E-3,10.6000004,
,,,1.1789999E-3,10.4000006,
,,,1.1799999E-3,10.6000004,
,,,1.1809999E-3,10.4000006,
,,,1.1819999E-3,10.4000006,
,,,1.1829999E-3,10.4000006,
,,,1.1839999E-3,10.6000004,
,,,1.1849999E-3,10.4000006,
,,,1.1860000E-3,10.4000006,
,,,1.1870000E-3,10.6000004,
,,,1.1880000E-3,10.4000006,
,,,1.1890000E-3,10.6000004,
,,,1.1899999E-3,10.6000004,
,,,1.1909999E-3,10.4000006,
,,,1.1919999E-3,10.6000004,
,,,1.1929999E-3,10.6000004,
,,,1.1939999E-3,10.6000004,
,,,1.1949999E-3,10.6000004,
,,,1.1959999E-3,10.4000006,
,,,1.1969999E-3,10.6000004,
,,,1.1979999E-3,10.4000006,
,,,1.1989999E-3,10.4000006,
,,,1.1999999E-3,10.6000004,
,,,1.2009999E-3,10.4000006,
,,,1.2020000E-3,10.6000004,
,,,1.2030000E-3,10.6000004,
,,,1.2040000E-3,10.6000004,
,,,1.2049999E-3,10.6000004,
,,,1.2059999E-3,10.4000006,
,,,1.2069999E-3,10.6000004,
,,,1.2079999E-3,10.4000006,
,,,1.2089999E-3,10.6000004,
,,,1.2099999E-3,10.6000004,
,,,1.2109999E-3,10.6000004,
,,,1.2119999E-3,10.4000006,
,,,1.2129999E-3,10.6000004,
,,,1.2139999E-3,10.6000004,
,,,1.2149999E-3,10.6000004,
,,,1.2159999E-3,10.6000004,
,,,1.2170000E-3,10.6000004,
,,,1.2180000E-3,10.6000004,
,,,1.2190000E-3,10.6000004,
,,,1.2199999E-3,10.6000004,
,,,1.2209999E-3,10.4000006,
,,,1.2219999E-3,10.6000004,
,,,1.2229999E-3,10.6000004,
,,,1.2239999E-3,10.4000006,
,,,1.2249999E-3,10.6000004,
,,,1.2259999E-3,10.6000004,
,,,1.2269999E-3,10.6000004,
,,,1.2279999E-3,10.4000006,
,,,1.2289999E-3,10.4000006,
,,,1.2299999E-3,10.4000006,
,,,1.2309999E-3,10.6000004,
,,,1.2320000E-3,10.6000004,
,,,1.2330000E-3,10.4000006,
,,,1.2340000E-3,10.4000006,
,,,1.2349999E-3,10.4000006,
,,,1.2359999E-3,10.6000004,
,,,1.2369999E-3,10.4000006,
,,,1.2379999E-3,10.4000006,
,,,1.2389999E-3,10.6000004,
,,,1.2399999E-3,10.4000006,
,,,1.2409999E-3,10.4000006,
,,,1.2419999E-3,10.4000006,
,,,1.2429999E-3,10.4000006,
,,,1.2439999E-3,10.4000006,
,,,1.2449999E-3,10.4000006,
,,,1.2459999E-3,10.4000006,
,,,1.2469999E-3,10.4000006,
,,,1.2480000E-3,10.6000004,
,,,1.2490000E-3,10.4000006,
,,,1.2500000E-3,10.4000006,
,,,1.2509999E-3,10.4000006,
,,,1.2519999E-3,10.4000006,
,,,1.2529999E-3,10.4000006,
,,,1.2539999E-3,10.4000006,
,,,1.2549999E-3,10.4000006,
,,,1.2559999E-3,10.4000006,
,,,1.2569999E-3,10.4000006,
,,,1.2579999E-3,10.4000006,
,,,1.2589999E-3,10.4000006,
,,,1.2599999E-3,10.4000006,
,,,1.2609999E-3,10.4000006,
,,,1.2619999E-3,10.4000006,
,,,1.2630000E-3,10.4000006,
,,,1.2640000E-3,10.4000006,
,,,1.2650000E-3,10.4000006,
,,,1.2659999E-3,10.4000006,
,,,1.2669999E-3,10.4000006,
,,,1.2679999E-3,10.4000006,
,,,1.2689999E-3,10.4000006,
,,,1.2699999E-3,10.4000006,
,,,1.2709999E-3,10.4000006,
,,,1.2719999E-3,10.1999998,
,,,1.2729999E-3,10.4000006,
,,,1.2739999E-3,10.4000006,
,,,1.2749999E-3,10.4000006,
,,,1.2759999E-3,10.4000006,
,,,1.2769999E-3,10.4000006,
,,,1.2780000E-3,10.1999998,
,,,1.2790000E-3,10.4000006,
,,,1.2800000E-3,10.1999998,
,,,1.2809999E-3,10.1999998,
,,,1.2819999E-3,10.4000006,
,,,1.2829999E-3,10.1999998,
,,,1.2839999E-3,10.1999998,
,,,1.2849999E-3,10.1999998,
,,,1.2859999E-3,10.1999998,
,,,1.2869999E-3,10.1999998,
,,,1.2879999E-3,10.1999998,
,,,1.2889999E-3,10.1999998,
,,,1.2899999E-3,10.1999998,
,,,1.2909999E-3,10.1999998,
,,,1.2919999E-3,10.1999998,
,,,1.2930000E-3,10.1999998,
,,,1.2940000E-3,10.1999998,
,,,1.2950000E-3,10.1999998,
,,,1.2960000E-3,10.1999998,
,,,1.2969999E-3,10.1999998,
,,,1.2979999E-3,10.1999998,
,,,1.2989999E-3,10.1999998,
,,,1.2999999E-3,10.1999998,
,,,1.3009999E-3,10.0000000,
,,,1.3019999E-3,10.1999998,
,,,1.3029999E-3,10.1999998,
,,,1.3039999E-3,10.0000000,
,,,1.3049999E-3,10.0000000,
,,,1.3059999E-3,10.0000000,
,,,1.3069999E-3,10.0000000,
,,,1.3079999E-3,10.0000000,
,,,1.3090000E-3,10.0000000,
,,,1.3100000E-3,10.0000000,
,,,1.3110000E-3,10.0000000,
,,,1.3119999E-3,10.0000000,
,,,1.3129999E-3,10.0000000,
,,,1.3139999E-3,10.0000000,
,,,1.3149999E-3,10.0000000,
,,,1.3159999E-3,10.0000000,
,,,1.3169999E-3,10.0000000,
,,,1.3179999E-3,9.800000191,
,,,1.3189999E-3,9.800000191,
,,,1.3199999E-3,9.800000191,
,,,1.3209999E-3,9.800000191,
,,,1.3219999E-3,9.800000191,
,,,1.3229999E-3,9.800000191,
,,,1.3240000E-3,9.800000191,
,,,1.3250000E-3,9.800000191,
,,,1.3260000E-3,9.800000191,
,,,1.3269999E-3,9.800000191,
,,,1.3279999E-3,9.800000191,
,,,1.3289999E-3,9.800000191,
,,,1.3299999E-3,9.800000191,
,,,1.3309999E-3,9.800000191,
,,,1.3319999E-3,9.800000191,
,,,1.3329999E-3,9.800000191,
,,,1.3339999E-3,9.800000191,
,,,1.3349999E-3,9.600000381,
,,,1.3359999E-3,9.600000381,
,,,1.3369999E-3,9.600000381,
,,,1.3379999E-3,9.600000381,
,,,1.3390000E-3,9.600000381,
,,,1.3400000E-3,9.600000381,
,,,1.3410000E-3,9.600000381,
,,,1.3419999E-3,9.600000381,
,,,1.3429999E-3,9.600000381,
,,,1.3439999E-3,9.600000381,
,,,1.3449999E-3,9.600000381,
,,,1.3459999E-3,9.600000381,
,,,1.3469999E-3,9.600000381,
,,,1.3479999E-3,9.600000381,
,,,1.3489999E-3,9.400000572,
,,,1.3499999E-3,9.600000381,
,,,1.3509999E-3,9.600000381,
,,,1.3519999E-3,9.400000572,
,,,1.3529999E-3,9.400000572,
,,,1.3539999E-3,9.400000572,
,,,1.3550000E-3,9.400000572,
,,,1.3560000E-3,9.400000572,
,,,1.3570000E-3,9.400000572,
,,,1.3579999E-3,9.400000572,
,,,1.3589999E-3,9.400000572,
,,,1.3599999E-3,9.400000572,
,,,1.3609999E-3,9.199999809,
,,,1.3619999E-3,9.400000572,
,,,1.3629999E-3,9.400000572,
,,,1.3639999E-3,9.199999809,
,,,1.3649999E-3,9.199999809,
,,,1.3659999E-3,9.199999809,
,,,1.3669999E-3,9.199999809,
,,,1.3679999E-3,9.199999809,
,,,1.3689999E-3,9.199999809,
,,,1.3700000E-3,9.199999809,
,,,1.3710000E-3,9.199999809,
,,,1.3720000E-3,9.199999809,
,,,1.3729999E-3,9.199999809,
,,,1.3739999E-3,9.199999809,
,,,1.3749999E-3,9.199999809,
,,,1.3759999E-3,9.199999809,
,,,1.3769999E-3,9.199999809,
,,,1.3779999E-3,9.199999809,
,,,1.3789999E-3,9.000000000,
,,,1.3799999E-3,9.199999809,
,,,1.3809999E-3,9.000000000,
,,,1.3819999E-3,9.000000000,
,,,1.3829999E-3,9.000000000,
,,,1.3839999E-3,9.000000000,
,,,1.3850000E-3,9.000000000,
,,,1.3860000E-3,9.000000000,
,,,1.3870000E-3,9.000000000,
,,,1.3879999E-3,9.000000000,
,,,1.3889999E-3,8.800000191,
,,,1.3899999E-3,9.000000000,
,,,1.3909999E-3,9.000000000,
,,,1.3919999E-3,8.800000191,
,,,1.3929999E-3,8.800000191,
,,,1.3939999E-3,8.800000191,
,,,1.3949999E-3,9.000000000,
,,,1.3959999E-3,8.800000191,
,,,1.3969999E-3,8.800000191,
,,,1.3979999E-3,8.800000191,
,,,1.3989999E-3,8.800000191,
,,,1.4000000E-3,8.800000191,
,,,1.4010000E-3,8.800000191,
,,,1.4020000E-3,8.800000191,
,,,1.4030000E-3,8.600000381,
,,,1.4039999E-3,8.600000381,
,,,1.4049999E-3,8.600000381,
,,,1.4059999E-3,8.600000381,
,,,1.4069999E-3,8.600000381,
,,,1.4079999E-3,8.600000381,
,,,1.4089999E-3,8.600000381,
,,,1.4099999E-3,8.400000572,
,,,1.4109999E-3,8.600000381,
,,,1.4119999E-3,8.600000381,
,,,1.4129999E-3,8.600000381,
,,,1.4139999E-3,8.600000381,
,,,1.4149999E-3,8.600000381,
,,,1.4160000E-3,8.600000381,
,,,1.4170000E-3,8.600000381,
,,,1.4180000E-3,8.400000572,
,,,1.4189999E-3,8.400000572,
,,,1.4199999E-3,8.400000572,
,,,1.4209999E-3,8.400000572,
,,,1.4219999E-3,8.400000572,
,,,1.4229999E-3,8.400000572,
,,,1.4239999E-3,8.400000572,
,,,1.4249999E-3,8.400000572,
,,,1.4259999E-3,8.199999809,
,,,1.4269999E-3,8.400000572,
,,,1.4279999E-3,8.199999809,
,,,1.4289999E-3,8.199999809,
,,,1.4299999E-3,8.199999809,
,,,1.4310000E-3,8.199999809,
,,,1.4320000E-3,8.199999809,
,,,1.4330000E-3,8.199999809,
,,,1.4339999E-3,8.000000000,
,,,1.4349999E-3,8.199999809,
,,,1.4359999E-3,8.199999809,
,,,1.4369999E-3,8.199999809,
,,,1.4379999E-3,8.000000000,
,,,1.4389999E-3,8.199999809,
,,,1.4399999E-3,8.000000000,
,,,1.4409999E-3,8.000000000,
,,,1.4419999E-3,8.000000000,
,,,1.4429999E-3,8.000000000,
,,,1.4439999E-3,8.000000000,
,,,1.4449999E-3,8.000000000,
,,,1.4460000E-3,7.800000191,
,,,1.4470000E-3,8.000000000,
,,,1.4480000E-3,7.800000191,
,,,1.4489999E-3,7.800000191,
